-- Mock Data

USE StudentOrgManager;

-- Users inserts
INSERT INTO Users (userID, NUID, graduationYear, startDate, currentYear, firstName, lastName, goalsWants, challenges) VALUES
(1, '002171805', 2023, '2021-08-23', 3, 'Alice', 'Smith', 'To become a software engineer at a major tech company', 'Struggling with time management'),
(2, '001234578', 2024, '2021-08-23', 3, 'Bob', 'Jones', 'To gain leadership skills and network with professionals', 'Finding the right opportunities'),
(3, '001234589', 2023, '2021-08-23', 3, 'Carol', 'Wilson', 'To improve public speaking skills', 'Overcoming public speaking anxiety'),
(4, '001234590', 2022, '2020-08-23', 4, 'David', 'Brown', 'To excel in project management', 'Balancing work and studies'),
(5, '001234591', 2023, '2021-08-23', 3, 'Emily', 'Taylor', 'To learn new programming languages', 'Managing multiple projects simultaneously'),
(6, '001234592', 2024, '2022-08-23', 2, 'Frank', 'Davis', 'To network with industry professionals', 'Handling stress during exams'),
(7, '001234593', 2022, '2020-08-23', 4, 'Grace', 'Martinez', 'To start my own business', 'Delegating tasks effectively'),
(8, '001234594', 2024, '2022-08-23', 2, 'Henry', 'Garcia', 'To pursue a career in marketing', 'Building a strong professional network'),
(9, '001234595', 2023, '2021-08-23', 3, 'Ivy', 'Rodriguez', 'To become a successful lawyer', 'Time management and prioritization'),
(10, '001234596', 2024, '2022-08-23', 2, 'Jack', 'Hernandez', 'To become a software developer', 'Improving coding skills'),
(11, '001234597', 2022, '2020-08-23', 4, 'Kevin', 'Lopez', 'To excel in finance and investments', 'Understanding complex financial concepts'),
(12, '001234598', 2023, '2021-08-23', 3, 'Linda', 'Gonzalez', 'To become a healthcare professional', 'Managing work-life balance'),
(13, '001234599', 2024, '2022-08-23', 2, 'Mike', 'Perez', 'To pursue a career in graphic design', 'Staying creative and innovative'),
(14, '001234600', 2022, '2020-08-23', 4, 'Nancy', 'Sanchez', 'To become an educator', 'Creating engaging lesson plans'),
(15, '001234601', 2023, '2021-08-23', 3, 'Olivia', 'Torres', 'To start a nonprofit organization', 'Fundraising and networking'),
(16, '001234602', 2024, '2022-08-23', 2, 'Peter', 'Rivera', 'To become a professional athlete', 'Training and fitness management'),
(17, '001234603', 2022, '2020-08-23', 4, 'Quinn', 'Reyes', 'To pursue a career in environmental science', 'Advocating for sustainability'),
(18, '001234604', 2023, '2021-08-23', 3, 'Rachel', 'Long', 'To become a psychologist', 'Understanding human behavior'),
(19, '001234605', 2024, '2022-08-23', 2, 'Sam', 'Scott', 'To become a successful entrepreneur', 'Business development and strategy'),
(20, '001234606', 2022, '2020-08-23', 4, 'Tom', 'Nguyen', 'To excel in computer science', 'Mastering programming languages'),
(21, '001234607', 2023, '2021-08-23', 3, 'Uma', 'Harris', 'To become a journalist', 'Writing compelling stories'),
(22, '001234608', 2024, '2022-08-23', 2, 'Victor', 'King', 'To pursue a career in architecture', 'Designing innovative structures'),
(23, '001234609', 2022, '2020-08-23', 4, 'Wendy', 'Evans', 'To become a professional photographer', 'Mastering photography techniques'),
(24, '001234610', 2023, '2021-08-23', 3, 'Xavier', 'Lee', 'To become a software engineer', 'Developing scalable software solutions'),
(25, '001234611', 2024, '2022-08-23', 2, 'Yara', 'Adams', 'To pursue a career in nursing', 'Providing compassionate patient care'),
(26, '001234612', 2022, '2020-08-23', 4, 'Zoe', 'Baker', 'To excel in mathematics', 'Problem-solving and critical thinking'),
(27, '001234613', 2023, '2021-08-23', 3, 'Adam', 'Cooper', 'To become a financial analyst', 'Analyzing market trends'),
(28, '001234614', 2024, '2022-08-23', 2, 'Bella', 'Diaz', 'To pursue a career in fashion design', 'Creating unique fashion concepts'),
(29, '001234615', 2022, '2020-08-23', 4, 'Chris', 'Ellis', 'To become an entrepreneur', 'Innovating new business ideas'),
(30, '001234616', 2023, '2021-08-23', 3, 'Dylan', 'Foster', 'To become a software developer', 'Learning new programming languages'),
(31, '001234617', 2024, '2022-08-23', 2, 'Ella', 'Gomez', 'To pursue a career in marketing', 'Understanding consumer behavior'),
(32, '001234618', 2022, '2020-08-23', 4, 'Finn', 'Hill', 'To excel in biology', 'Studying ecosystems and biodiversity'),
(33, '001234619', 2023, '2021-08-23', 3, 'Grace', 'Irwin', 'To become a teacher', 'Creating engaging lesson plans'),
(34, '001234620', 2024, '2022-08-23', 2, 'Henry', 'James', 'To pursue a career in engineering', 'Designing innovative solutions'),
(35, '001234621', 2022, '2020-08-23', 4, 'Isabel', 'Kelly', 'To excel in physics', 'Understanding laws of motion'),
(36, '001234622', 2023, '2021-08-23', 3, 'Jason', 'Lewis', 'To become a psychologist', 'Helping individuals overcome challenges'),
(37, '001234623', 2024, '2022-08-23', 2, 'Kate', 'Murray', 'To pursue a career in journalism', 'Reporting on current events'),
(38, '001234624', 2022, '2020-08-23', 4, 'Liam', 'Nelson', 'To excel in chemistry', 'Experimenting with chemical reactions'),
(39, '001234625', 2023, '2021-08-23', 3, 'Mia', 'Owens', 'To become a veterinarian', 'Caring for animals'),
(40, '001234626', 2024, '2022-08-23', 2, 'Nora', 'Perry', 'To pursue a career in law', 'Advocating for justice'),
(41, '001234627', 2022, '2020-08-23', 4, 'Oscar', 'Quinn', 'To excel in literature', 'Analyzing literary works'),
(42, '001234628', 2023, '2021-08-23', 3, 'Piper', 'Reed', 'To become a software engineer', 'Developing innovative software solutions'),
(43, '001234629', 2024, '2022-08-23', 2, 'Quinn', 'Stewart', 'To pursue a career in healthcare', 'Providing compassionate patient care'),
(44, '001234630', 2022, '2020-08-23', 4, 'Riley', 'Thompson', 'To excel in history', 'Understanding historical events'),
(45, '001234631', 2023, '2021-08-23', 3, 'Sara', 'Underwood', 'To become a psychologist', 'Helping individuals improve mental health'),
(46, '001234632', 2024, '2022-08-23', 2, 'Tyler', 'Vaughn', 'To pursue a career in music', 'Creating original compositions'),
(47, '001234633', 2022, '2020-08-23', 4, 'Ursula', 'Wagner', 'To excel in art', 'Exploring different art mediums'),
(48, '001234634', 2023, '2021-08-23', 3, 'Victor', 'Xavier', 'To become a cybersecurity expert', 'Protecting digital assets'),
(49, '001234635', 2024, '2022-08-23', 2, 'Willa', 'Young', 'To pursue a career in social work', 'Supporting vulnerable populations'),
(50, '001234636', 2022, '2020-08-23', 4, 'Xander', 'Zimmerman', 'To excel in sociology', 'Studying social structures'),
(51, '001234637', 2023, '2021-08-23', 3, 'Yara', 'Anderson', 'To become a pharmacist', 'Understanding medications and patient care'),
(52, '001234638', 2024, '2022-08-23', 2, 'Zach', 'Barnes', 'To pursue a career in software development', 'Learning new programming languages'),
(53, '001234639', 2022, '2020-08-23', 4, 'Abigail', 'Clark', 'To excel in political science', 'Analyzing government policies'),
(54, '001234640', 2023, '2021-08-23', 3, 'Benjamin', 'Dixon', 'To become a physical therapist', 'Rehabilitating patients'),
(55, '001234641', 2024, '2022-08-23', 2, 'Caroline', 'Edwards', 'To pursue a career in education', 'Inspiring students to learn'),
(56, '001234642', 2022, '2020-08-23', 4, 'Daniel', 'Fisher', 'To excel in economics', 'Understanding market trends'),
(57, '001234643', 2023, '2021-08-23', 3, 'Emma', 'Graham', 'To become a nutritionist', 'Promoting healthy eating habits'),
(58, '001234644', 2024, '2022-08-23', 2, 'Fiona', 'Hamilton', 'To pursue a career in counseling', 'Supporting mental wellness'),
(59, '001234645', 2022, '2020-08-23', 4, 'George', 'Ingram', 'To excel in astronomy', 'Studying celestial objects'),
(60, '001234646', 2023, '2021-08-23', 3, 'Hannah', 'Jensen', 'To become a biomedical engineer', 'Designing medical devices'),
(61, '001234647', 2024, '2022-08-23', 2, 'Ian', 'Keller', 'To pursue a career in environmental engineering', 'Creating sustainable solutions'),
(62, '001234648', 2022, '2020-08-23', 4, 'Jasmine', 'Lawson', 'To excel in linguistics', 'Studying language structure'),
(63, '001234649', 2023, '2021-08-23', 3, 'Kyle', 'Matthews', 'To become a sports therapist', 'Rehabilitating athletes'),
(64, '001234650', 2024, '2022-08-23', 2, 'Lily', 'Nelson', 'To pursue a career in social justice', 'Advocating for equality'),
(65, '001234651', 2022, '2020-08-23', 4, 'Mason', 'Owens', 'To excel in geology', 'Studying earth processes'),
(66, '001234652', 2023, '2021-08-23', 3, 'Nathan', 'Peterson', 'To become a lawyer', 'Building strong legal arguments'),
(67, '001234653', 2024, '2022-08-23', 2, 'Olivia', 'Quinn', 'To pursue a career in psychology', 'Understanding human behavior'),
(68, '001234654', 2022, '2020-08-23', 4, 'Patrick', 'Roberts', 'To excel in philosophy', 'Exploring ethical theories'),
(69, '001234655', 2023, '2021-08-23', 3, 'Quentin', 'Sanders', 'To become a physician', 'Providing medical care'),
(70, '001234656', 2024, '2022-08-23', 2, 'Rachel', 'Thompson', 'To pursue a career in journalism', 'Reporting on global events'),
(71, '001234657', 2022, '2020-08-23', 4, 'Samuel', 'Underwood', 'To excel in anthropology', 'Studying cultures and societies'),
(72, '001234658', 2023, '2021-08-23', 3, 'Taylor', 'Vaughn', 'To become a marketing strategist', 'Creating effective campaigns'),
(73, '001234659', 2024, '2022-08-23', 2, 'Uma', 'Wagner', 'To pursue a career in music production', 'Producing original music'),
(74, '001234660', 2022, '2020-08-23', 4, 'Victor', 'Xavier', 'To excel in sociology', 'Studying social structures'),
(75, '001234661', 2023, '2021-08-23', 3, 'Willa', 'Young', 'To become a social worker', 'Supporting underprivileged communities'),
(76, '001234662', 2024, '2022-08-23', 2, 'Xander', 'Zimmerman', 'To pursue a career in education', 'Inspiring students to learn'),
(77, '001234663', 2022, '2020-08-23', 4, 'Yara', 'Anderson', 'To excel in environmental science', 'Advocating for sustainability'),
(78, '001234664', 2023, '2021-08-23', 3, 'Zachary', 'Barnes', 'To become a software developer', 'Learning new programming languages'),
(79, '001234665', 2024, '2022-08-23', 2, 'Abigail', 'Clark', 'To pursue a career in finance', 'Analyzing market trends'),
(80, '001234666', 2022, '2020-08-23', 4, 'Benjamin', 'Dixon', 'To excel in healthcare', 'Providing quality patient care'),
(81, '001234667', 2023, '2021-08-23', 3, 'Caroline', 'Edwards', 'To become a teacher', 'Creating engaging learning environments'),
(82, '001234668', 2024, '2022-08-23', 2, 'Daniel', 'Fisher', 'To pursue a career in law', 'Advocating for justice'),
(83, '001234669', 2022, '2020-08-23', 4, 'Emma', 'Graham', 'To excel in psychology', 'Understanding human behavior'),
(84, '001234670', 2023, '2021-08-23', 3, 'Finn', 'Hill', 'To become an engineer', 'Designing innovative solutions'),
(85, '001234671', 2024, '2022-08-23', 2, 'Grace', 'Irwin', 'To pursue a career in journalism', 'Reporting on global events'),
(86, '001234672', 2022, '2020-08-23', 4, 'Henry', 'James', 'To excel in marketing', 'Creating effective campaigns'),
(87, '001234673', 2023, '2021-08-23', 3, 'Isabel', 'Kelly', 'To become an entrepreneur', 'Building successful businesses'),
(88, '001234674', 2024, '2022-08-23', 2, 'Jason', 'Lewis', 'To pursue a career in computer science', 'Developing software solutions'),
(89, '001234675', 2022, '2020-08-23', 4, 'Kate', 'Murray', 'To excel in education', 'Inspiring students to learn'),
(90, '001234676', 2023, '2021-08-23', 3, 'Liam', 'Nelson', 'To become a scientist', 'Conducting groundbreaking research'),
(91, '001234677', 2024, '2022-08-23', 2, 'Mia', 'Owens', 'To pursue a career in social work', 'Supporting marginalized communities'),
(92, '001234678', 2022, '2020-08-23', 4, 'Nathan', 'Peterson', 'To excel in law', 'Analyzing legal cases'),
(93, '001234679', 2023, '2021-08-23', 3, 'Olivia', 'Quinn', 'To become a psychologist', 'Helping individuals overcome challenges'),
(94, '001234680', 2024, '2022-08-23', 2, 'Patrick', 'Roberts', 'To pursue a career in engineering', 'Designing innovative solutions'),
(95, '001234681', 2022, '2020-08-23', 4, 'Quentin', 'Sanders', 'To excel in business', 'Creating successful ventures'),
(96, '001234682', 2023, '2021-08-23', 3, 'Rachel', 'Thompson', 'To become a doctor', 'Providing medical care'),
(97, '001234683', 2024, '2022-08-23', 2, 'Samuel', 'Underwood', 'To pursue a career in psychology', 'Understanding human behavior'),
(98, '001234684', 2022, '2020-08-23', 4, 'Taylor', 'Vaughn', 'To excel in journalism', 'Reporting on global events'),
(99, '001234685', 2023, '2021-08-23', 3, 'Uma', 'Wagner', 'To become a marketing strategist', 'Creating effective campaigns'),
(100, '001234686', 2024, '2022-08-23', 2, 'Victor', 'Xavier', 'To pursue a career in music production', 'Producing original music'),
(101, '001234687', 2021, '2019-08-23', 0, 'Willa', 'Young', 'To excel in environmental science', 'Advocating for sustainability'),
(102, '001234688', 2022, '2020-08-23', 0, 'Xander', 'Zimmerman', 'To become a software developer', 'Learning new programming languages'),
(103, '001234689', 2023, '2021-08-23', 0, 'Yara', 'Anderson', 'To pursue a career in finance', 'Analyzing market trends'),
(104, '001234690', 2021, '2019-08-23', 0, 'Zachary', 'Barnes', 'To excel in healthcare', 'Providing quality patient care'),
(105, '001234691', 2022, '2020-08-23', 0, 'Abigail', 'Clark', 'To become a teacher', 'Creating engaging learning environments'),
(106, '001234692', 2023, '2021-08-23', 0, 'Benjamin', 'Dixon', 'To pursue a career in law', 'Advocating for justice'),
(107, '001234693', 2021, '2019-08-23', 0, 'Caroline', 'Edwards', 'To excel in psychology', 'Understanding human behavior'),
(108, '001234694', 2022, '2020-08-23', 0, 'Daniel', 'Fisher', 'To become an engineer', 'Designing innovative solutions'),
(109, '001234695', 2023, '2021-08-23', 0, 'Emma', 'Graham', 'To pursue a career in journalism', 'Reporting on global events'),
(110, '001234696', 2021, '2019-08-23', 0, 'Finn', 'Hill', 'To excel in marketing', 'Creating effective campaigns'),
(111, '001234697', 2022, '2020-08-23', 0, 'Grace', 'Irwin', 'To become an entrepreneur', 'Building successful businesses'),
(112, '001234698', 2023, '2021-08-23', 0, 'Henry', 'James', 'To pursue a career in computer science', 'Developing software solutions'),
(113, '001234699', 2021, '2019-08-23', 0, 'Isabel', 'Kelly', 'To excel in education', 'Inspiring students to learn'),
(114, '001234700', 2022, '2020-08-23', 0, 'Jason', 'Lewis', 'To become a scientist', 'Conducting groundbreaking research'),
(115, '001234701', 2023, '2021-08-23', 0, 'Kate', 'Murray', 'To pursue a career in social work', 'Supporting marginalized communities'),
(116, '001234702', 2021, '2019-08-23', 0, 'Liam', 'Nelson', 'To excel in law', 'Analyzing legal cases'),
(117, '001234703', 2022, '2020-08-23', 0, 'Mia', 'Owens', 'To become a psychologist', 'Helping individuals overcome challenges'),
(118, '001234704', 2023, '2021-08-23', 0, 'Nathan', 'Peterson', 'To pursue a career in engineering', 'Designing innovative solutions'),
(119, '001234705', 2021, '2019-08-23', 0, 'Olivia', 'Quinn', 'To excel in business', 'Creating successful ventures'),
(120, '001234706', 2022, '2020-08-23', 0, 'Patrick', 'Roberts', 'To become a doctor', 'Providing medical care'),
(121, '001234707', 2023, '2021-08-23', 0, 'Quentin', 'Sanders', 'To pursue a career in psychology', 'Understanding human behavior'),
(122, '001234708', 2021, '2019-08-23', 0, 'Rachel', 'Thompson', 'To excel in journalism', 'Reporting on global events'),
(123, '001234709', 2022, '2020-08-23', 0, 'Samuel', 'Underwood', 'To become a marketing strategist', 'Creating effective campaigns'),
(124, '001234710', 2023, '2021-08-23', 0, 'Taylor', 'Vaughn', 'To pursue a career in music production', 'Producing original music'),
(125, '001234711', 2021, '2019-08-23', 0, 'Uma', 'Wagner', 'To excel in environmental science', 'Advocating for sustainability'),
(126, '001234712', 2022, '2020-08-23', 0, 'Victor', 'Xavier', 'To become a software developer', 'Learning new programming languages'),
(127, '001234713', 2023, '2021-08-23', 0, 'Willa', 'Young', 'To pursue a career in finance', 'Analyzing market trends'),
(128, '001234714', 2021, '2019-08-23', 0, 'Xander', 'Zimmerman', 'To excel in healthcare', 'Providing quality patient care'),
(129, '001234715', 2022, '2020-08-23', 0, 'Yara', 'Anderson', 'To become a teacher', 'Creating engaging learning environments'),
(130, '001234716', 2023, '2021-08-23', 0, 'Zachary', 'Barnes', 'To pursue a career in law', 'Advocating for justice'),
(131, '001234717', 2021, '2019-08-23', 0, 'Abigail', 'Clark', 'To excel in psychology', 'Understanding human behavior'),
(132, '001234718', 2022, '2020-08-23', 0, 'Benjamin', 'Dixon', 'To become an engineer', 'Designing innovative solutions'),
(133, '001234719', 2023, '2021-08-23', 0, 'Caroline', 'Edwards', 'To pursue a career in journalism', 'Reporting on global events'),
(134, '001234720', 2021, '2019-08-23', 0, 'Daniel', 'Fisher', 'To excel in marketing', 'Creating effective campaigns'),
(135, '001234721', 2022, '2020-08-23', 0, 'Emma', 'Graham', 'To become an entrepreneur', 'Building successful businesses'),
(136, '001234722', 2023, '2021-08-23', 0, 'Finn', 'Hill', 'To pursue a career in computer science', 'Developing software solutions'),
(137, '001234723', 2021, '2019-08-23', 0, 'Grace', 'Irwin', 'To excel in education', 'Inspiring students to learn'),
(138, '001234724', 2022, '2020-08-23', 0, 'Henry', 'James', 'To become a scientist', 'Conducting groundbreaking research'),
(139, '001234725', 2023, '2021-08-23', 0, 'Isabel', 'Kelly', 'To pursue a career in social work', 'Supporting marginalized communities'),
(140, '001234726', 2021, '2019-08-23', 0, 'Jason', 'Lewis', 'To excel in law', 'Analyzing legal cases'),
(141, '001234727', 2022, '2020-08-23', 0, 'Kate', 'Murray', 'To become a psychologist', 'Helping individuals overcome challenges'),
(142, '001234728', 2023, '2021-08-23', 0, 'Liam', 'Nelson', 'To pursue a career in engineering', 'Designing innovative solutions'),
(143, '001234729', 2021, '2019-08-23', 0, 'Olivia', 'Quinn', 'To excel in business', 'Creating successful ventures'),
(144, '001234730', 2022, '2020-08-23', 0, 'Patrick', 'Roberts', 'To become a doctor', 'Providing medical care'),
(145, '001234731', 2023, '2021-08-23', 0, 'Quentin', 'Sanders', 'To pursue a career in psychology', 'Understanding human behavior'),
(146, '001234732', 2021, '2019-08-23', 0, 'Rachel', 'Thompson', 'To excel in journalism', 'Reporting on global events'),
(147, '001234733', 2022, '2020-08-23', 0, 'Samuel', 'Underwood', 'To become a marketing strategist', 'Creating effective campaigns'),
(148, '001234734', 2023, '2021-08-23', 0, 'Taylor', 'Vaughn', 'To pursue a career in music production', 'Producing original music'),
(149, '001234735', 2021, '2019-08-23', 0, 'Uma', 'Wagner', 'To excel in environmental science', 'Advocating for sustainability'),
(150, '001234736', 2022, '2020-08-23', 0, 'Victor', 'Xavier', 'To become a software developer', 'Learning new programming languages');



-- Inserting sample email info
INSERT INTO EmailInfos (userID, email) VALUES
(1, 'smith.a@northeastern.edu'),
(1, 'alice.smith@gmail.com'),
(1, 'alice.smith@yahoo.com'),
(2, 'jones.b@northeastern.edu'),
(2, 'bob.jones@hotmail.com'),
(3, 'wilson.c@northeastern.edu'),
(3, 'carol.wilson@outlook.com'),
(4, 'adams.d@northeastern.edu'),
(4, 'david.adams@gmail.com'),
(4, 'david.adams@yahoo.com'),
(5, 'bailey.e@northeastern.edu'),
(5, 'emma.bailey@hotmail.com'),
(6, 'clark.f@northeastern.edu'),
(6, 'frank.clark@gmail.com'),
(7, 'davis.g@northeastern.edu'),
(7, 'gabriel.davis@yahoo.com'),
(8, 'evans.h@northeastern.edu'),
(8, 'hannah.evans@outlook.com'),
(8, 'hannah.evans@gmail.com'),
(9, 'fisher.i@northeastern.edu'),
(9, 'ian.fisher@gmail.com'),
(10, 'garcia.j@northeastern.edu'),
(10, 'julia.garcia@hotmail.com'),
(10, 'julia.garcia@yahoo.com'),
(11, 'hernandez.k@northeastern.edu'),
(11, 'kevin.hernandez@gmail.com'),
(11, 'kevin.hernandez@yahoo.com'),
(12, 'hill.l@northeastern.edu'),
(12, 'lily.hill@gmail.com'),
(13, 'james.m@northeastern.edu'),
(13, 'michael.james@hotmail.com'),
(14, 'johnson.n@northeastern.edu'),
(14, 'nora.johnson@yahoo.com'),
(14, 'nora.johnson@gmail.com'),
(15, 'martinez.o@northeastern.edu'),
(15, 'olivia.martinez@hotmail.com'),
(15, 'olivia.martinez@yahoo.com'),
(16, 'miller.p@northeastern.edu'),
(16, 'peter.miller@gmail.com'),
(16, 'peter.miller@yahoo.com'),
(17, 'moore.q@northeastern.edu'),
(17, 'quinn.moore@outlook.com'),
(18, 'rodriguez.r@northeastern.edu'),
(18, 'ryan.rodriguez@gmail.com'),
(18, 'ryan.rodriguez@yahoo.com'),
(19, 'taylor.s@northeastern.edu'),
(19, 'sara.taylor@hotmail.com'),
(20, 'thomas.t@northeastern.edu'),
(20, 'tyler.thomas@gmail.com'),
(21, 'thompson.u@northeastern.edu'),
(21, 'uriel.thompson@yahoo.com'),
(21, 'uriel.thompson@gmail.com'),
(22, 'turner.v@northeastern.edu'),
(22, 'violet.turner@hotmail.com'),
(22, 'violet.turner@yahoo.com'),
(23, 'walker.w@northeastern.edu'),
(23, 'william.walker@gmail.com'),
(24, 'white.x@northeastern.edu'),
(24, 'xavier.white@hotmail.com'),
(24, 'xavier.white@yahoo.com'),
(25, 'williams.y@northeastern.edu'),
(25, 'yara.williams@gmail.com'),
(25, 'yara.williams@yahoo.com'),
(26, 'wilson.z@northeastern.edu'),
(26, 'zachary.wilson@gmail.com'),
(26, 'zachary.wilson@yahoo.com'),
(27, 'adams.a@northeastern.edu'),
(27, 'adam.adams@gmail.com'),
(27, 'adam.adams@yahoo.com'),
(28, 'bailey.b@northeastern.edu'),
(28, 'bella.bailey@hotmail.com'),
(28, 'bella.bailey@yahoo.com'),
(29, 'carroll.c@northeastern.edu'),
(29, 'carter.carroll@gmail.com'),
(30, 'dixon.d@northeastern.edu'),
(30, 'dylan.dixon@hotmail.com'),
(30, 'dylan.dixon@yahoo.com'),
(31, 'franklin.e@northeastern.edu'),
(31, 'ella.franklin@gmail.com'),
(31, 'ella.franklin@yahoo.com'),
(32, 'gordon.f@northeastern.edu'),
(32, 'freddie.gordon@hotmail.com'),
(32, 'freddie.gordon@yahoo.com'),
(33, 'harris.g@northeastern.edu'),
(33, 'georgia.harris@gmail.com'),
(33, 'georgia.harris@yahoo.com'),
(34, 'henderson.h@northeastern.edu'),
(34, 'henry.henderson@hotmail.com'),
(34, 'henry.henderson@yahoo.com'),
(35, 'johnson.i@northeastern.edu'),
(35, 'isaac.johnson@gmail.com'),
(35, 'isaac.johnson@yahoo.com'),
(36, 'knight.j@northeastern.edu'),
(36, 'jane.knight@gmail.com'),
(36, 'jane.knight@yahoo.com'),
(37, 'lambert.k@northeastern.edu'),
(37, 'kayla.lambert@hotmail.com'),
(37, 'kayla.lambert@yahoo.com'),
(38, 'mccarthy.l@northeastern.edu'),
(38, 'liam.mccarthy@gmail.com'),
(38, 'liam.mccarthy@yahoo.com'),
(39, 'nichols.m@northeastern.edu'),
(39, 'mason.nichols@hotmail.com'),
(39, 'mason.nichols@yahoo.com'),
(40, 'owens.n@northeastern.edu'),
(40, 'nina.owens@gmail.com'),
(40, 'nina.owens@yahoo.com'),
(41, 'palmer.o@northeastern.edu'),
(41, 'oliver.palmer@gmail.com'),
(41, 'oliver.palmer@yahoo.com'),
(42, 'quinn.p@northeastern.edu'),
(42, 'piper.quinn@hotmail.com'),
(42, 'piper.quinn@yahoo.com'),
(43, 'rodriguez.q@northeastern.edu'),
(43, 'quincy.rodriguez@gmail.com'),
(43, 'quincy.rodriguez@yahoo.com'),
(44, 'sanders.r@northeastern.edu'),
(44, 'rachel.sanders@hotmail.com'),
(44, 'rachel.sanders@yahoo.com'),
(45, 'thomas.s@northeastern.edu'),
(45, 'sebastian.thomas@gmail.com'),
(45, 'sebastian.thomas@yahoo.com'),
(46, 'upton.t@northeastern.edu'),
(46, 'tessa.upton@hotmail.com'),
(46, 'tessa.upton@yahoo.com'),
(47, 'vaughn.v@northeastern.edu'),
(47, 'vincent.vaughn@gmail.com'),
(47, 'vincent.vaughn@yahoo.com'),
(48, 'walsh.w@northeastern.edu'),
(48, 'william.walsh@hotmail.com'),
(48, 'william.walsh@yahoo.com'),
(49, 'young.x@northeastern.edu'),
(49, 'xander.young@gmail.com'),
(49, 'xander.young@yahoo.com'),
(50, 'zimmerman.y@northeastern.edu'),
(50, 'yolanda.zimmerman@hotmail.com'),
(50, 'yolanda.zimmerman@yahoo.com'),
(51, 'adams.z@northeastern.edu'),
(51, 'zachary.adams@gmail.com'),
(51, 'zachary.adams@yahoo.com'),
(52, 'adams.a@northeastern.edu'),
(52, 'ava.adams@hotmail.com'),
(52, 'ava.adams@yahoo.com'),
(53, 'bailey.b@northeastern.edu'),
(53, 'brandon.bailey@gmail.com'),
(53, 'brandon.bailey@yahoo.com'),
(54, 'brown.c@northeastern.edu'),
(54, 'claire.brown@hotmail.com'),
(54, 'claire.brown@yahoo.com'),
(55, 'carroll.d@northeastern.edu'),
(55, 'dylan.carroll@gmail.com'),
(55, 'dylan.carroll@yahoo.com'),
(56, 'dixon.e@northeastern.edu'),
(56, 'emily.dixon@hotmail.com'),
(56, 'emily.dixon@yahoo.com'),
(57, 'edwards.f@northeastern.edu'),
(57, 'finn.edwards@gmail.com'),
(57, 'finn.edwards@yahoo.com'),
(58, 'fisher.g@northeastern.edu'),
(58, 'grace.fisher@hotmail.com'),
(58, 'grace.fisher@yahoo.com'),
(59, 'garcia.h@northeastern.edu'),
(59, 'henry.garcia@gmail.com'),
(59, 'henry.garcia@yahoo.com'),
(60, 'harris.i@northeastern.edu'),
(60, 'isabelle.harris@hotmail.com'),
(60, 'isabelle.harris@yahoo.com'),
(61, 'hernandez.j@northeastern.edu'),
(61, 'jacob.hernandez@gmail.com'),
(61, 'jacob.hernandez@yahoo.com'),
(62, 'jones.k@northeastern.edu'),
(62, 'kayla.jones@hotmail.com'),
(62, 'kayla.jones@yahoo.com'),
(63, 'knight.l@northeastern.edu'),
(63, 'liam.knight@gmail.com'),
(63, 'liam.knight@yahoo.com'),
(64, 'lewis.m@northeastern.edu'),
(64, 'maya.lewis@hotmail.com'),
(64, 'maya.lewis@yahoo.com'),
(65, 'miller.n@northeastern.edu'),
(65, 'noah.miller@gmail.com'),
(65, 'noah.miller@yahoo.com'),
(66, 'martinez.o@northeastern.edu'),
(66, 'olivia.martinez@hotmail.com'),
(66, 'olivia.martinez@yahoo.com'),
(67, 'nichols.p@northeastern.edu'),
(67, 'penelope.nichols@gmail.com'),
(67, 'penelope.nichols@yahoo.com'),
(68, 'owens.q@northeastern.edu'),
(68, 'quentin.owens@hotmail.com'),
(68, 'quentin.owens@yahoo.com'),
(69, 'palmer.r@northeastern.edu'),
(69, 'riley.palmer@gmail.com'),
(69, 'riley.palmer@yahoo.com'),
(70, 'quinn.s@northeastern.edu'),
(70, 'sophia.quinn@hotmail.com'),
(70, 'sophia.quinn@yahoo.com'),
(71, 'robinson.t@northeastern.edu'),
(71, 'tyler.robinson@gmail.com'),
(71, 'tyler.robinson@yahoo.com'),
(72, 'rodriguez.u@northeastern.edu'),
(72, 'umair.rodriguez@hotmail.com'),
(72, 'umair.rodriguez@yahoo.com'),
(73, 'sanders.v@northeastern.edu'),
(73, 'victoria.sanders@gmail.com'),
(73, 'victoria.sanders@yahoo.com'),
(74, 'smith.w@northeastern.edu'),
(74, 'william.smith@hotmail.com'),
(74, 'william.smith@yahoo.com'),
(75, 'thompson.x@northeastern.edu'),
(75, 'ximena.thompson@gmail.com'),
(75, 'ximena.thompson@yahoo.com'),
(76, 'upton.y@northeastern.edu'),
(76, 'yolanda.upton@hotmail.com'),
(76, 'yolanda.upton@yahoo.com'),
(77, 'vaughn.z@northeastern.edu'),
(77, 'zara.vaughn@gmail.com'),
(77, 'zara.vaughn@yahoo.com'),
(78, 'walsh.a@northeastern.edu'),
(78, 'aiden.walsh@hotmail.com'),
(78, 'aiden.walsh@yahoo.com'),
(79, 'wilson.b@northeastern.edu'),
(79, 'brianna.wilson@gmail.com'),
(79, 'brianna.wilson@yahoo.com'),
(80, 'williams.c@northeastern.edu'),
(80, 'connor.williams@hotmail.com'),
(80, 'connor.williams@yahoo.com'),
(81, 'williams.d@northeastern.edu'),
(81, 'daniel.williams@gmail.com'),
(81, 'daniel.williams@yahoo.com'),
(82, 'adams.e@northeastern.edu'),
(82, 'elena.adams@hotmail.com'),
(82, 'elena.adams@yahoo.com'),
(83, 'bailey.f@northeastern.edu'),
(83, 'freya.bailey@gmail.com'),
(83, 'freya.bailey@yahoo.com'),
(84, 'carroll.g@northeastern.edu'),
(84, 'gavin.carroll@hotmail.com'),
(84, 'gavin.carroll@yahoo.com'),
(85, 'davis.h@northeastern.edu'),
(85, 'hannah.davis@gmail.com'),
(85, 'hannah.davis@yahoo.com'),
(86, 'evans.i@northeastern.edu'),
(86, 'isaac.evans@hotmail.com'),
(86, 'isaac.evans@yahoo.com'),
(87, 'fisher.j@northeastern.edu'),
(87, 'julia.fisher@gmail.com'),
(87, 'julia.fisher@yahoo.com'),
(88, 'garcia.k@northeastern.edu'),
(88, 'kyle.garcia@hotmail.com'),
(88, 'kyle.garcia@yahoo.com'),
(89, 'harris.l@northeastern.edu'),
(89, 'leah.harris@gmail.com'),
(89, 'leah.harris@yahoo.com'),
(90, 'hernandez.m@northeastern.edu'),
(90, 'miguel.hernandez@hotmail.com'),
(90, 'miguel.hernandez@yahoo.com'),
(91, 'hill.n@northeastern.edu'),
(91, 'natalie.hill@gmail.com'),
(91, 'natalie.hill@yahoo.com'),
(92, 'johnson.o@northeastern.edu'),
(92, 'oliver.johnson@hotmail.com'),
(92, 'oliver.johnson@yahoo.com'),
(93, 'knight.p@northeastern.edu'),
(93, 'parker.knight@gmail.com'),
(93, 'parker.knight@yahoo.com'),
(94, 'lambert.q@northeastern.edu'),
(94, 'quinn.lambert@hotmail.com'),
(94, 'quinn.lambert@yahoo.com'),
(95, 'mccarthy.r@northeastern.edu'),
(95, 'rachel.mccarthy@gmail.com'),
(95, 'rachel.mccarthy@yahoo.com'),
(96, 'nichols.s@northeastern.edu'),
(96, 'samuel.nichols@hotmail.com'),
(96, 'samuel.nichols@yahoo.com'),
(97, 'owens.t@northeastern.edu'),
(97, 'thomas.owens@gmail.com'),
(97, 'thomas.owens@yahoo.com'),
(98, 'palmer.u@northeastern.edu'),
(98, 'uma.palmer@hotmail.com'),
(98, 'uma.palmer@yahoo.com'),
(99, 'quinn.v@northeastern.edu'),
(99, 'violet.quinn@gmail.com'),
(99, 'violet.quinn@yahoo.com'),
(100, 'robinson.w@northeastern.edu'),
(100, 'wyatt.robinson@hotmail.com'),
(100, 'wyatt.robinson@yahoo.com'),
(101, 'rodriguez.x@northeastern.edu'),
(101, 'xander.rodriguez@gmail.com'),
(101, 'xander.rodriguez@yahoo.com'),
(102, 'sanders.y@northeastern.edu'),
(102, 'yara.sanders@hotmail.com'),
(102, 'yara.sanders@yahoo.com'),
(103, 'smith.z@northeastern.edu'),
(103, 'zoe.smith@gmail.com'),
(103, 'zoe.smith@yahoo.com'),
(104, 'thomas.a@northeastern.edu'),
(104, 'aiden.thomas@hotmail.com'),
(104, 'aiden.thomas@yahoo.com'),
(105, 'upton.b@northeastern.edu'),
(105, 'brandon.upton@gmail.com'),
(105, 'brandon.upton@yahoo.com'),
(106, 'vaughn.c@northeastern.edu'),
(106, 'claire.vaughn@hotmail.com'),
(106, 'claire.vaughn@yahoo.com'),
(107, 'walsh.d@northeastern.edu'),
(107, 'daniel.walsh@gmail.com'),
(107, 'daniel.walsh@yahoo.com'),
(108, 'wilson.e@northeastern.edu'),
(108, 'eliana.wilson@hotmail.com'),
(108, 'eliana.wilson@yahoo.com'),
(109, 'williams.f@northeastern.edu'),
(109, 'finn.williams@gmail.com'),
(109, 'finn.williams@yahoo.com'),
(110, 'williams.g@northeastern.edu'),
(110, 'gabriel.williams@hotmail.com'),
(110, 'gabriel.williams@yahoo.com'),
(111, 'adams.h@northeastern.edu'),
(111, 'hazel.adams@gmail.com'),
(111, 'hazel.adams@yahoo.com'),
(112, 'bailey.i@northeastern.edu'),
(112, 'isaac.bailey@hotmail.com'),
(112, 'isaac.bailey@yahoo.com'),
(113, 'carroll.j@northeastern.edu'),
(113, 'jacob.carroll@gmail.com'),
(113, 'jacob.carroll@yahoo.com'),
(114, 'davis.k@northeastern.edu'),
(114, 'kayla.davis@hotmail.com'),
(114, 'kayla.davis@yahoo.com'),
(115, 'evans.l@northeastern.edu'),
(115, 'lucas.evans@gmail.com'),
(115, 'lucas.evans@yahoo.com'),
(116, 'fisher.m@northeastern.edu'),
(116, 'mila.fisher@hotmail.com'),
(116, 'mila.fisher@yahoo.com'),
(117, 'garcia.n@northeastern.edu'),
(117, 'nolan.garcia@gmail.com'),
(117, 'nolan.garcia@yahoo.com'),
(118, 'harris.o@northeastern.edu'),
(118, 'oliver.harris@hotmail.com'),
(118, 'oliver.harris@yahoo.com'),
(119, 'hernandez.p@northeastern.edu'),
(119, 'penelope.hernandez@gmail.com'),
(119, 'penelope.hernandez@yahoo.com'),
(120, 'hill.q@northeastern.edu'),
(120, 'quinn.hill@hotmail.com'),
(120, 'quinn.hill@yahoo.com'),
(121, 'johnson.r@northeastern.edu'),
(121, 'ryan.johnson@gmail.com'),
(121, 'ryan.johnson@yahoo.com'),
(122, 'knight.s@northeastern.edu'),
(122, 'sophie.knight@hotmail.com'),
(122, 'sophie.knight@yahoo.com'),
(123, 'lewis.t@northeastern.edu'),
(123, 'tyler.lewis@gmail.com'),
(123, 'tyler.lewis@yahoo.com'),
(124, 'miller.u@northeastern.edu'),
(124, 'uma.miller@hotmail.com'),
(124, 'uma.miller@yahoo.com'),
(125, 'martinez.v@northeastern.edu'),
(125, 'violet.martinez@gmail.com'),
(125, 'violet.martinez@yahoo.com'),
(126, 'nichols.w@northeastern.edu'),
(126, 'william.nichols@hotmail.com'),
(126, 'william.nichols@yahoo.com'),
(127, 'owens.x@northeastern.edu'),
(127, 'ximena.owens@gmail.com'),
(127, 'ximena.owens@yahoo.com'),
(128, 'palmer.y@northeastern.edu'),
(128, 'yara.palmer@hotmail.com'),
(128, 'yara.palmer@yahoo.com'),
(129, 'quinn.z@northeastern.edu'),
(129, 'zara.quinn@gmail.com'),
(129, 'zara.quinn@yahoo.com'),
(130, 'robinson.a@northeastern.edu'),
(130, 'aidan.robinson@hotmail.com'),
(130, 'aidan.robinson@yahoo.com'),
(131, 'rodriguez.b@northeastern.edu'),
(131, 'bella.rodriguez@gmail.com'),
(131, 'bella.rodriguez@yahoo.com'),
(132, 'sanders.c@northeastern.edu'),
(132, 'caleb.sanders@hotmail.com'),
(132, 'caleb.sanders@yahoo.com'),
(133, 'smith.d@northeastern.edu'),
(133, 'dylan.smith@gmail.com'),
(133, 'dylan.smith@yahoo.com'),
(134, 'thomas.e@northeastern.edu'),
(134, 'ella.thomas@hotmail.com'),
(134, 'ella.thomas@yahoo.com'),
(135, 'upton.f@northeastern.edu'),
(135, 'freya.upton@gmail.com'),
(135, 'freya.upton@yahoo.com'),
(136, 'vaughn.g@northeastern.edu'),
(136, 'gabriella.vaughn@hotmail.com'),
(136, 'gabriella.vaughn@yahoo.com'),
(137, 'walsh.h@northeastern.edu'),
(137, 'henry.walsh@gmail.com'),
(137, 'henry.walsh@yahoo.com'),
(138, 'wilson.i@northeastern.edu'),
(138, 'isaiah.wilson@hotmail.com'),
(138, 'isaiah.wilson@yahoo.com'),
(139, 'williams.j@northeastern.edu'),
(139, 'jacob.williams@gmail.com'),
(139, 'jacob.williams@yahoo.com'),
(140, 'williams.k@northeastern.edu'),
(140, 'kayla.williams@hotmail.com'),
(140, 'kayla.williams@yahoo.com'),
(141, 'adams.l@northeastern.edu'),
(141, 'lucas.adams@gmail.com'),
(141, 'lucas.adams@yahoo.com'),
(142, 'bailey.m@northeastern.edu'),
(142, 'mia.bailey@hotmail.com'),
(142, 'mia.bailey@yahoo.com'),
(143, 'carroll.n@northeastern.edu'),
(143, 'nora.carroll@gmail.com'),
(143, 'nora.carroll@yahoo.com'),
(144, 'davis.o@northeastern.edu'),
(144, 'olivia.davis@hotmail.com'),
(144, 'olivia.davis@yahoo.com'),
(145, 'evans.p@northeastern.edu'),
(145, 'piper.evans@gmail.com'),
(145, 'piper.evans@yahoo.com'),
(146, 'fisher.q@northeastern.edu'),
(146, 'quinn.fisher@hotmail.com'),
(146, 'quinn.fisher@yahoo.com'),
(147, 'garcia.r@northeastern.edu'),
(147, 'ryan.garcia@gmail.com'),
(147, 'ryan.garcia@yahoo.com'),
(148, 'harris.s@northeastern.edu'),
(148, 'sophia.harris@hotmail.com'),
(148, 'sophia.harris@yahoo.com'),
(149, 'hernandez.t@northeastern.edu'),
(149, 'tyler.hernandez@gmail.com'),
(149, 'tyler.hernandez@yahoo.com'),
(150, 'hill.u@northeastern.edu'),
(150, 'una.hill@hotmail.com'),
(150, 'una.hill@yahoo.com');


-- SocialsInfos

-- Social profiles for users
INSERT INTO SocialsInfos (userID, platform, username) VALUES
(1, 'Twitter', '@alice_smith'),
(1, 'LinkedIn', 'alice-smith'),
(2, 'Instagram', '@bobjones'),
(3, 'Facebook', 'carol.wilson.123'),
(3, 'Twitter', '@carolwilson'),
(3, 'LinkedIn', 'carolwilson'),
(4, 'LinkedIn', 'david-brown'),
(5, 'Twitter', '@emily_taylor'),
(5, 'GitHub', 'emilytaylor_dev'),
(6, 'LinkedIn', 'frank-davis'),
(6, 'Instagram', '@frankdavis'),
(7, 'Facebook', 'grace.martinez.56'),
(8, 'Twitter', '@henry_garcia'),
(8, 'LinkedIn', 'henrygarcia'),
(9, 'Instagram', '@ivy_rodriguez'),
(10, 'GitHub', 'jackhernandez_dev'),
(10, 'LinkedIn', 'jack-hernandez'),
(11, 'Twitter', '@kevin_lopez'),
(12, 'LinkedIn', 'linda-gonzalez'),
(13, 'Instagram', '@mikeperez_designs'),
(14, 'Twitter', '@nancy_sanchez'),
(15, 'LinkedIn', 'olivia-torres'),
(16, 'Instagram', '@peterrivera_athlete'),
(17, 'Twitter', '@quinn_reyes'),
(17, 'LinkedIn', 'quinnreyes'),
(18, 'Instagram', '@rachel_psychologist'),
(19, 'LinkedIn', 'sam-scott'),
(20, 'GitHub', 'tomnguyen_dev'),
(20, 'LinkedIn', 'tom-nguyen'),
(21, 'Twitter', '@uma_harris'),
(21, 'LinkedIn', 'umaharris'),
(22, 'Instagram', '@victor_architect'),
(23, 'Twitter', '@wendy_evans'),
(24, 'GitHub', 'xavierlee_dev'),
(24, 'LinkedIn', 'xavier-lee'),
(25, 'Instagram', '@yaraadams_nurse'),
(26, 'Twitter', '@zoe_baker'),
(27, 'LinkedIn', 'adam-cooper'),
(28, 'Instagram', '@belladiaz_designs'),
(29, 'Twitter', '@chris_ellis'),
(30, 'GitHub', 'dylanfoster_dev'),
(30, 'LinkedIn', 'dylan-foster'),
(31, 'Twitter', '@ella_gomez'),
(31, 'LinkedIn', 'ellagomez'),
(32, 'GitHub', 'finnhill_dev'),
(33, 'Instagram', '@graceirwin_teacher'),
(34, 'LinkedIn', 'henry-james'),
(35, 'Twitter', '@isabel_kelly'),
(36, 'GitHub', 'jasonlewis_dev'),
(36, 'LinkedIn', 'jason-lewis'),
(37, 'Instagram', '@kate_journalist'),
(38, 'Twitter', '@liam_nelson'),
(39, 'LinkedIn', 'mia-owens'),
(40, 'GitHub', 'noraperry_dev'),
(40, 'LinkedIn', 'nora-perry'),
(41, 'Twitter', '@oscar_quinn'),
(42, 'Instagram', '@piperreed_dev'),
(43, 'LinkedIn', 'quinn-stewart'),
(44, 'Twitter', '@riley_thompson'),
(45, 'LinkedIn', 'sara-underwood'),
(46, 'Instagram', '@tyler_vaughn_music'),
(47, 'Twitter', '@ursula_wagner'),
(47, 'LinkedIn', 'ursula-wagner'),
(48, 'Instagram', '@victor_cybersecurity'),
(49, 'Twitter', '@willa_young'),
(49, 'LinkedIn', 'willa-young'),
(50, 'GitHub', 'xanderzim_dev'),
(50, 'LinkedIn', 'xander-zimmerman'),
(51, 'Twitter', '@yara_anderson'),
(51, 'LinkedIn', 'yara-anderson'),
(52, 'Instagram', '@zachbarnes_dev'),
(53, 'Twitter', '@abby_clark'),
(54, 'LinkedIn', 'benjamin-dixon'),
(55, 'Instagram', '@caroline_teacher'),
(56, 'Twitter', '@daniel_fisher'),
(56, 'LinkedIn', 'daniel-fisher'),
(57, 'Instagram', '@emma_nutritionist'),
(58, 'Twitter', '@fiona_hamilton'),
(59, 'LinkedIn', 'george-ingram'),
(60, 'GitHub', 'hannahjensen_dev'),
(60, 'LinkedIn', 'hannah-jensen'),
(61, 'Twitter', '@ian_keller'),
(62, 'Instagram', '@jasmine_linguist'),
(63, 'LinkedIn', 'kyle-matthews'),
(64, 'Twitter', '@lily_nelson'),
(64, 'LinkedIn', 'lily-nelson'),
(65, 'Instagram', '@masonowens_geologist'),
(66, 'GitHub', 'nathanpeterson_dev'),
(66, 'LinkedIn', 'nathan-peterson'),
(67, 'Twitter', '@olivia_quinn'),
(68, 'LinkedIn', 'patrick-roberts'),
(69, 'Instagram', '@quentin_sportstherapist'),
(70, 'Twitter', '@rachelthompson'),
(70, 'LinkedIn', 'rachel-thompson'),
(71, 'Instagram', '@samuel_psychologist'),
(72, 'LinkedIn', 'taylor-vaughn'),
(73, 'Twitter', '@uma_musicproduction'),
(74, 'LinkedIn', 'victor-xavier'),
(75, 'Instagram', '@willa_socialworker'),
(76, 'Twitter', '@xander_zimmerman'),
(76, 'LinkedIn', 'xander-zimmerman'),
(77, 'Instagram', '@yaraanderson_pharmacist'),
(78, 'Twitter', '@zachbarnes_dev'),
(78, 'LinkedIn', 'zach-barnes'),
(79, 'GitHub', 'abbyclark_dev'),
(79, 'LinkedIn', 'abby-clark'),
(80, 'Twitter', '@benjamin_dixon'),
(80, 'LinkedIn', 'benjamin-dixon'),
(81, 'Instagram', '@caroline_educator'),
(82, 'Twitter', '@daniel_fisher'),
(82, 'LinkedIn', 'daniel-fisher'),
(83, 'Instagram', '@emma_psychologist'),
(84, 'Twitter', '@finn_hill'),
(84, 'LinkedIn', 'finn-hill'),
(85, 'GitHub', 'georgeingram_dev'),
(85, 'LinkedIn', 'george-ingram'),
(86, 'Twitter', '@iankeller_dev'),
(87, 'Instagram', '@jasmine_linguist'),
(88, 'LinkedIn', 'kyle-matthews'),
(89, 'Twitter', '@lilynelson_dev'),
(89, 'LinkedIn', 'lily-nelson'),
(90, 'Instagram', '@masonowens_geologist'),
(91, 'GitHub', 'nathanpeterson_dev'),
(91, 'LinkedIn', 'nathan-peterson'),
(92, 'Twitter', '@olivia_quinn'),
(93, 'LinkedIn', 'patrick-roberts'),
(94, 'Instagram', '@quentin_sportstherapist'),
(95, 'Twitter', '@rachelthompson_dev'),
(95, 'LinkedIn', 'rachel-thompson'),
(96, 'Instagram', '@samuel_psychologist'),
(97, 'LinkedIn', 'taylor-vaughn'),
(98, 'Twitter', '@uma_musicproduction'),
(98, 'LinkedIn', 'uma-wagner'),
(99, 'Instagram', '@victor_cybersecurity'),
(100, 'Twitter', '@willa_young'),
(100, 'LinkedIn', 'willa-young');
INSERT INTO SocialsInfos (userID, platform, username) VALUES
(101, 'GitHub', 'xanderzimmerman_dev'),
(101, 'LinkedIn', 'xander-zimmerman'),
(102, 'Twitter', '@yara_anderson'),
(102, 'LinkedIn', 'yara-anderson'),
(103, 'Instagram', '@zachbarnes_dev'),
(104, 'Twitter', '@abby_clark'),
(105, 'LinkedIn', 'benjamin-dixon'),
(106, 'Instagram', '@carolineedwards_teacher'),
(107, 'Twitter', '@daniel_fisher'),
(107, 'LinkedIn', 'daniel-fisher'),
(108, 'Instagram', '@emma_g_nutrition'),
(109, 'Twitter', '@fiona_hamilton'),
(110, 'LinkedIn', 'george-ingram'),
(111, 'GitHub', 'hannahjensen_dev'),
(111, 'LinkedIn', 'hannah-jensen'),
(112, 'Twitter', '@ian_keller'),
(113, 'Instagram', '@jasminelawson_linguist'),
(114, 'LinkedIn', 'kyle-matthews'),
(115, 'Twitter', '@lily_nelson'),
(115, 'LinkedIn', 'lily-nelson'),
(116, 'Instagram', '@masonowens_geologist'),
(117, 'GitHub', 'nathanpeterson_dev'),
(117, 'LinkedIn', 'nathan-peterson'),
(118, 'Twitter', '@olivia_quinn'),
(119, 'LinkedIn', 'patrick-roberts'),
(120, 'Instagram', '@quenders_sportherapist'),
(121, 'Twitter', '@rachelthompson'),
(121, 'LinkedIn', 'rachel-thompson'),
(122, 'Instagram', '@sam_psychologist'),
(123, 'LinkedIn', 'taylor-vaughn'),
(124, 'Twitter', '@umawagner_prod'),
(124, 'LinkedIn', 'uma-wagner'),
(125, 'Instagram', '@supercool_cybersecurity'),
(126, 'Twitter', '@willa_young'),
(126, 'LinkedIn', 'willa-young'),
(127, 'GitHub', 'xanderzimmerman_dev'),
(127, 'LinkedIn', 'xander-zimmerman'),
(128, 'Twitter', '@yara_anderson'),
(128, 'LinkedIn', 'yara-anderson'),
(129, 'Instagram', '@zachbarnes_dev'),
(130, 'Twitter', '@abby_clark'),
(131, 'LinkedIn', 'benjamin-dixon'),
(132, 'Instagram', '@caroli_teacher'),
(133, 'Twitter', '@daniel_fisher'),
(133, 'LinkedIn', 'daniel-fisher'),
(134, 'Instagram', '@graham_nutritionist'),
(135, 'Twitter', '@fiona_hamilton'),
(136, 'LinkedIn', 'george-ingram'),
(137, 'GitHub', 'hannahjensen_dev'),
(137, 'LinkedIn', 'hannah-jensen'),
(138, 'Twitter', '@ian_keller'),
(139, 'Instagram', '@jasminelawson_linguist'),
(140, 'LinkedIn', 'kyle-matthews'),
(141, 'Twitter', '@lily_nelson'),
(141, 'LinkedIn', 'lily-nelson'),
(142, 'Instagram', '@masonowens_geologist'),
(143, 'GitHub', 'nathanpeterson_dev'),
(143, 'LinkedIn', 'nathan-peterson'),
(144, 'Twitter', '@olivia_quinn'),
(145, 'LinkedIn', 'patrick-roberts'),
(146, 'Instagram', '@quentin_sportstherapist'),
(147, 'Twitter', '@rachelthompson'),
(147, 'LinkedIn', 'rachel-thompson'),
(148, 'Instagram', '@samuelund_psychologist'),
(149, 'LinkedIn', 'taylor-vaughn'),
(150, 'Twitter', '@umawagner_musicn'),
(150, 'LinkedIn', 'uma-wagner');



-- Alumni

INSERT INTO Alumni (userID, location, currentJob, alumniID) VALUES
(101, 'New York', 'Environmental Scientist', 1),
(102, 'San Francisco', 'Software Developer', 2),
(103, 'London', 'Financial Analyst', 3),
(104, 'Los Angeles', 'Healthcare Professional', 4),
(105, 'Chicago', 'Teacher', 5),
(106, 'Washington, D.C.', 'Lawyer', 6),
(107, 'Boston', 'Psychologist', 7),
(108, 'Seattle', 'Engineer', 8),
(109, 'Toronto', 'Journalist', 9),
(110, 'Paris', 'Marketing Specialist', 10),
(111, 'Berlin', 'Entrepreneur', 11),
(112, 'Tokyo', 'Software Engineer', 12),
(113, 'Sydney', 'Educator', 13),
(114, 'Melbourne', 'Scientist', 14),
(115, 'Rio de Janeiro', 'Social Worker', 15),
(116, 'Cape Town', 'Lawyer', 16),
(117, 'Mumbai', 'Psychologist', 17),
(118, 'Shanghai', 'Engineer', 18),
(119, 'Moscow', 'Business Owner', 19),
(120, 'Dubai', 'Physician', 20),
(121, 'Istanbul', 'Psychologist', 21),
(122, 'New Delhi', 'Journalist', 22),
(123, 'Jakarta', 'Marketing Strategist', 23),
(124, 'Singapore', 'Music Producer', 24),
(125, 'Bangkok', 'Environmental Scientist', 25),
(126, 'Hong Kong', 'Software Developer', 26),
(127, 'Berlin', 'Financial Analyst', 27),
(128, 'Tokyo', 'Healthcare Professional', 28),
(129, 'Paris', 'Teacher', 29),
(130, 'London', 'Lawyer', 30),
(131, 'New York', 'Psychologist', 31),
(132, 'San Francisco', 'Engineer', 32),
(133, 'Los Angeles', 'Journalist', 33),
(134, 'Chicago', 'Marketing Specialist', 34),
(135, 'Washington, D.C.', 'Entrepreneur', 35),
(136, 'Boston', 'Software Engineer', 36),
(137, 'Seattle', 'Journalist', 37),
(138, 'Toronto', 'Marketing Specialist', 38),
(139, 'Paris', 'Engineer', 39),
(140, 'London', 'Business Owner', 40),
(141, 'New York', 'Doctor', 41),
(142, 'San Francisco', 'Psychologist', 42),
(143, 'Los Angeles', 'Engineer', 43),
(144, 'Chicago', 'Business Owner', 44),
(145, 'Washington, D.C.', 'Doctor', 45),
(146, 'Boston', 'Psychologist', 46),
(147, 'Seattle', 'Engineer', 47),
(148, 'Toronto', 'Music Producer', 48),
(149, 'Paris', 'Environmental Scientist', 49),
(150, 'London', 'Software Developer', 50);



-- StudentOrgs


INSERT INTO StudentOrgs (orgID, name, establishedAt, orgType) VALUES
(1, 'Roller Hockey Club', '2003-04-23 00:00:00', 'Club Sport'),
(2, 'Basketball Club', '2020-01-15 00:00:00', 'Club Sport'),
(3, 'Football Club', '2019-08-10 00:00:00', 'Club Sport'),
(4, 'Alpha Beta Gamma', '2015-07-20 00:00:00', 'Fraternity'),
(5, 'Delta Sigma Phi', '2016-03-11 00:00:00', 'Fraternity'),
(6, 'Volleyball Club', '2021-03-25 00:00:00', 'Club Sport'),
(7, 'Soccer Club', '2018-12-05 00:00:00', 'Club Sport'),
(8, 'Alpha Phi', '2019-01-25 00:00:00', 'Sorority'),
(9, 'Delta Delta Delta', '2020-08-14 00:00:00', 'Sorority'),
(10, 'Tennis Club', '2020-06-30 00:00:00', 'Club Sport'),
(11, 'Baseball Club', '2019-10-20 00:00:00', 'Club Sport'),
(12, 'Kappa Kappa Gamma', '2021-12-02 00:00:00', 'Sorority'),
(13, 'Alpha Chi Omega', '2017-06-18 00:00:00', 'Sorority'),
(14, 'Softball Club', '2020-02-18 00:00:00', 'Club Sport'),
(15, 'Swimming Club', '2021-05-12 00:00:00', 'Club Sport'),
(16, 'Beta Gamma Sigma', '2018-10-07 00:00:00', 'Academic Club'),
(17, 'Phi Beta Kappa', '2019-11-23 00:00:00', 'Academic Club'),
(18, 'Hockey Club', '2018-11-08 00:00:00', 'Club Sport'),
(19, 'Golf Club', '2019-09-02 00:00:00', 'Club Sport'),
(20, 'Alpha Psi Omega', '2020-04-17 00:00:00', 'Academic Club'),
(21, 'Sigma Tau Delta', '2021-02-09 00:00:00', 'Academic Club'),
(22, 'History Club', '2020-10-19 00:00:00', 'Academic Club'),
(23, 'Literature Club', '2021-03-03 00:00:00', 'Academic Club'),
(24, 'Math Club', '2016-08-30 00:00:00', 'Academic Club'),
(25, 'Physics Club', '2017-05-22 00:00:00', 'Academic Club'),
(26, 'Chemistry Club', '2018-12-11 00:00:00', 'Academic Club'),
(27, 'Biology Club', '2019-06-05 00:00:00', 'Academic Club'),
(28, 'Environmental Science Club', '2016-12-16 00:00:00', 'Academic Club'),
(29, 'Business Club', '2017-07-09 00:00:00', 'Academic Club'),
(30, 'Marketing Club', '2018-03-26 00:00:00', 'Academic Club'),
(31, 'Finance Club', '2019-10-10 00:00:00', 'Academic Club'),
(32, 'Art Club', '2020-11-29 00:00:00', 'Academic Club'),
(33, 'Music Club', '2016-02-14 00:00:00', 'Academic Club'),
(34, 'Drama Club', '2017-04-03 00:00:00', 'Academic Club'),
(35, 'Dance Club', '2018-12-19 00:00:00', 'Academic Club'),
(36, 'Debate Club', '2019-06-11 00:00:00', 'Academic Club'),
(37, 'Chess Club', '2020-09-25 00:00:00', 'Academic Club'),
(38, 'Language Club', '2021-04-08 00:00:00', 'Academic Club');

-- Dues
INSERT INTO Dues (userID, orgID, dueID, amount, dueDate) VALUES
-- Presidents for each club
(1, 1, 1, 100.00, '2024-09-01'),
(2, 2, 2, 150.00, '2024-09-01'),
(3, 3, 3, 40.00, '2024-09-01'),
(4, 4, 4, 100.00, '2024-09-01'),
(5, 5, 5, 60.00, '2024-09-01'),
(6, 6, 6, 120.00, '2024-09-01'),
(7, 7, 7, 80.00, '2024-09-01'),
(8, 8, 8, 90.00, '2024-09-01'),
(9, 9, 9, 70.00, '2024-09-01'),
(10, 10, 10, 50.00, '2024-09-01'),
(11, 11, 11, 75.00, '2024-09-01'),
(12, 12, 12, 110.00, '2024-09-01'),
(13, 13, 13, 85.00, '2024-09-01'),
(14, 14, 14, 95.00, '2024-09-01'),
(15, 15, 15, 55.00, '2024-09-01'),
(16, 16, 16, 65.00, '2024-09-01'),
(17, 17, 17, 45.00, '2024-09-01'),
(18, 18, 18, 75.00, '2024-09-01'),
(19, 19, 19, 65.00, '2024-09-01'),
(20, 20, 20, 55.00, '2024-09-01'),
-- Vice Presidents for each club
(21, 1, 21, 80.00, '2024-09-01'),
(22, 2, 22, 120.00, '2024-09-01'),
(23, 3, 23, 30.00, '2024-09-01'),
(24, 4, 24, 80.00, '2024-09-01'),
(25, 5, 25, 50.00, '2024-09-01'),
(26, 6, 26, 90.00, '2024-09-01'),
(27, 7, 27, 70.00, '2024-09-01'),
(28, 8, 28, 75.00, '2024-09-01'),
(29, 9, 29, 60.00, '2024-09-01'),
(30, 10, 30, 40.00, '2024-09-01'),
(31, 11, 31, 55.00, '2024-09-01'),
(32, 12, 32, 85.00, '2024-09-01'),
(33, 13, 33, 65.00, '2024-09-01'),
(34, 14, 34, 70.00, '2024-09-01'),
(35, 15, 35, 40.00, '2024-09-01'),
(36, 16, 36, 50.00, '2024-09-01'),
(37, 17, 37, 35.00, '2024-09-01'),
(38, 18, 38, 55.00, '2024-09-01'),
(39, 19, 39, 45.00, '2024-09-01'),
(40, 20, 40, 35.00, '2024-09-01'),
-- Secretaries for each club
(41, 1, 41, 60.00, '2024-09-01'),
(42, 2, 42, 90.00, '2024-09-01'),
(43, 3, 43, 20.00, '2024-09-01'),
(44, 4, 44, 60.00, '2024-09-01'),
(45, 5, 45, 30.00, '2024-09-01'),
(46, 6, 46, 70.00, '2024-09-01'),
(47, 7, 47, 50.00, '2024-09-01'),
(48, 8, 48, 55.00, '2024-09-01'),
(49, 9, 49, 40.00, '2024-09-01'),
(50, 10, 50, 30.00, '2024-09-01'),
(51, 11, 51, 40.00, '2024-09-01'),
(52, 12, 52, 65.00, '2024-09-01'),
(53, 13, 53, 50.00, '2024-09-01'),
(54, 14, 54, 55.00, '2024-09-01'),
(55, 15, 55, 30.00, '2024-09-01'),
(56, 16, 56, 35.00, '2024-09-01'),
(57, 17, 57, 25.00, '2024-09-01'),
(58, 18, 58, 40.00, '2024-09-01'),
(59, 19, 59, 35.00, '2024-09-01'),
(60, 20, 60, 25.00, '2024-09-01'),
-- Treasurers for each club
(61, 1, 61, 90.00, '2024-09-01'),
(62, 2, 62, 135.00, '2024-09-01'),
(63, 3, 63, 35.00, '2024-09-01'),
(64, 4, 64, 90.00, '2024-09-01'),
(65, 5, 65, 55.00, '2024-09-01'),
(66, 6, 66, 100.00, '2024-09-01'),
(67, 7, 67, 75.00, '2024-09-01'),
(68, 8, 68, 80.00, '2024-09-01'),
(69, 9, 69, 50.00, '2024-09-01'),
(70, 10, 70, 35.00, '2024-09-01'),
(71, 11, 71, 50.00, '2024-09-01'),
(72, 12, 72, 75.00, '2024-09-01'),
(73, 13, 73, 60.00, '2024-09-01'),
(74, 14, 74, 65.00, '2024-09-01'),
(75, 15, 75, 35.00, '2024-09-01'),
(76, 16, 76, 40.00, '2024-09-01'),
(77, 17, 77, 30.00, '2024-09-01'),
(78, 18, 78, 45.00, '2024-09-01'),
(79, 19, 79, 40.00, '2024-09-01'),
(80, 20, 80, 30.00, '2024-09-01'),
-- Other club members
(81, 3, 81, 50.00, '2024-09-01'),
(82, 3, 82, 50.00, '2024-09-01'),
(83, 3, 83, 50.00, '2024-09-01'),
(84, 4, 84, 50.00, '2024-09-01'),
(85, 5, 85, 50.00, '2024-09-01'),
(86, 6, 86, 50.00, '2024-09-01'),
(87, 7, 87, 50.00, '2024-09-01'),
(88, 8, 88, 50.00, '2024-09-01'),
(89, 9, 89, 50.00, '2024-09-01'),
(90, 10, 90, 50.00, '2024-09-01'),
(91, 11, 91, 50.00, '2024-09-01'),
(92, 12, 92, 50.00, '2024-09-01'),
(93, 13, 93, 50.00, '2024-09-01'),
(94, 14, 94, 50.00, '2024-09-01'),
(95, 15, 95, 50.00, '2024-09-01'),
(96, 16, 96, 50.00, '2024-09-01'),
(97, 17, 97, 50.00, '2024-09-01'),
(98, 18, 98, 50.00, '2024-09-01'),
(99, 19, 99, 50.00, '2024-09-01'),
(100, 20, 100, 50.00, '2024-09-01'),
(1, 3, 101, 50.00, '2024-09-01'),
(1, 6, 102, 50.00, '2024-09-01'),
(2, 3, 103, 50.00, '2024-09-01'),
(2, 10, 104, 50.00, '2024-09-01'),
(3, 3, 105, 50.00, '2024-09-01'),
(3, 7, 106, 50.00, '2024-09-01'),
(4, 5, 107, 50.00, '2024-09-01'),
(4, 11, 108, 50.00, '2024-09-01'),
(5, 3, 109, 50.00, '2024-09-01'),
(5, 5, 110, 50.00, '2024-09-01'),
(6, 3, 111, 50.00, '2024-09-01'),
(6, 3, 112, 50.00, '2024-09-01'),
(7, 7, 113, 50.00, '2024-09-01'),
(7, 11, 114, 50.00, '2024-09-01'),
(8, 8, 115, 50.00, '2024-09-01'),
(8, 12, 116, 50.00, '2024-09-01'),
(9, 9, 117, 50.00, '2024-09-01'),
(9, 13, 118, 50.00, '2024-09-01'),
(10, 6, 119, 50.00, '2024-09-01'),
(10, 10, 120, 50.00, '2024-09-01'),
(11, 3, 121, 50.00, '2024-09-01'),
(11, 3, 122, 50.00, '2024-09-01'),
(12, 12, 123, 50.00, '2024-09-01'),
(12, 13, 124, 50.00, '2024-09-01'),
(13, 3, 125, 50.00, '2024-09-01'),
(13, 11, 126, 50.00, '2024-09-01'),
(14, 5, 127, 50.00, '2024-09-01'),
(14, 6, 128, 50.00, '2024-09-01'),
(15, 3, 129, 50.00, '2024-09-01'),
(15, 7, 130, 50.00, '2024-09-01'),
(16, 3, 131, 50.00, '2024-09-01'),
(16, 10, 132, 50.00, '2024-09-01'),
(17, 7, 133, 50.00, '2024-09-01'),
(17, 11, 134, 50.00, '2024-09-01'),
(18, 6, 135, 50.00, '2024-09-01'),
(18, 10, 136, 50.00, '2024-09-01'),
(19, 5, 137, 50.00, '2024-09-01'),
(19, 11, 138, 50.00, '2024-09-01'),
(20, 3, 139, 50.00, '2024-09-01'),
(20, 3, 140, 50.00, '2024-09-01'),
(21, 12, 150, 50.00, '2024-09-01'),
(21, 13, 151, 50.00, '2024-09-01'),
(22, 6, 152, 50.00, '2024-09-01'),
(22, 7, 153, 50.00, '2024-09-01'),
(23, 3, 154, 50.00, '2024-09-01'),
(23, 10, 155, 50.00, '2024-09-01'),
(24, 3, 156, 50.00, '2024-09-01'),
(24, 11, 157, 50.00, '2024-09-01'),
(25, 3, 158, 50.00, '2024-09-01'),
(25, 6, 159, 50.00, '2024-09-01'),
(26, 3, 160, 50.00, '2024-09-01'),
(26, 7, 161, 50.00, '2024-09-01'),
(27, 5, 162, 50.00, '2024-09-01'),
(27, 10, 163, 50.00, '2024-09-01'),
(28, 8, 164, 50.00, '2024-09-01'),
(28, 12, 165, 50.00, '2024-09-01'),
(29, 9, 166, 50.00, '2024-09-01'),
(29, 13, 167, 50.00, '2024-09-01'),
(30, 6, 168, 50.00, '2024-09-01'),
(30, 10, 169, 50.00, '2024-09-01'),
(31, 8, 170, 50.00, '2024-09-01'),
(31, 12, 171, 50.00, '2024-09-01'),
(32, 3, 172, 50.00, '2024-09-01'),
(32, 10, 173, 50.00, '2024-09-01'),
(33, 6, 174, 50.00, '2024-09-01'),
(33, 7, 175, 50.00, '2024-09-01'),
(34, 3, 176, 50.00, '2024-09-01'),
(34, 11, 177, 50.00, '2024-09-01'),
(35, 3, 178, 50.00, '2024-09-01'),
(35, 6, 179, 50.00, '2024-09-01'),
(36, 8, 180, 50.00, '2024-09-01'),
(36, 13, 181, 50.00, '2024-09-01'),
(37, 3, 182, 50.00, '2024-09-01'),
(37, 10, 183, 50.00, '2024-09-01'),
(38, 9, 184, 50.00, '2024-09-01'),
(38, 13, 185, 50.00, '2024-09-01'),
(39, 7, 186, 50.00, '2024-09-01'),
(39, 11, 187, 50.00, '2024-09-01'),
(40, 3, 188, 50.00, '2024-09-01'),
(40, 10, 189, 50.00, '2024-09-01'),
(41, 3, 190, 50.00, '2024-09-01'),
(41, 6, 191, 50.00, '2024-09-01'),
(42, 5, 192, 50.00, '2024-09-01'),
(42, 11, 193, 50.00, '2024-09-01'),
(43, 5, 194, 50.00, '2024-09-01'),
(43, 6, 195, 50.00, '2024-09-01'),
(44, 7, 196, 50.00, '2024-09-01'),
(44, 10, 197, 50.00, '2024-09-01'),
(45, 6, 198, 50.00, '2024-09-01'),
(45, 11, 199, 50.00, '2024-09-01'),
(46, 3, 200, 50.00, '2024-09-01'),
(46, 6, 201, 50.00, '2024-09-01'),
(47, 7, 202, 50.00, '2024-09-01'),
(47, 10, 203, 50.00, '2024-09-01'),
(48, 6, 204, 50.00, '2024-09-01'),
(48, 11, 205, 50.00, '2024-09-01'),
(49, 3, 206, 50.00, '2024-09-01'),
(49, 10, 207, 50.00, '2024-09-01'),
(50, 7, 208, 50.00, '2024-09-01'),
(50, 11, 209, 50.00, '2024-09-01'),
(51, 6, 210, 50.00, '2024-09-01'),
(51, 7, 211, 50.00, '2024-09-01'),
(52, 3, 212, 50.00, '2024-09-01'),
(52, 10, 213, 50.00, '2024-09-01'),
(53, 7, 214, 50.00, '2024-09-01'),
(53, 11, 215, 50.00, '2024-09-01'),
(54, 3, 116, 50.00, '2024-09-01'),
(54, 6, 217, 50.00, '2024-09-01'),
(55, 3, 218, 50.00, '2024-09-01'),
(55, 7, 219, 50.00, '2024-09-01'),
(56, 3, 220, 50.00, '2024-09-01'),
(56, 10, 221, 50.00, '2024-09-01'),
(57, 8, 222, 50.00, '2024-09-01'),
(57, 12, 223, 50.00, '2024-09-01'),
(58, 9, 224, 50.00, '2024-09-01'),
(58, 13, 225, 50.00, '2024-09-01'),
(59, 6, 226, 50.00, '2024-09-01'),
(59, 10, 227, 50.00, '2024-09-01'),
(60, 8, 228, 50.00, '2024-09-01'),
(60, 12, 229, 50.00, '2024-09-01'),
(61, 3, 230, 50.00, '2024-09-01'),
(61, 10, 231, 50.00, '2024-09-01'),
(62, 6, 232, 50.00, '2024-09-01'),
(62, 7, 233, 50.00, '2024-09-01'),
(63, 3, 234, 50.00, '2024-09-01'),
(63, 11, 235, 50.00, '2024-09-01'),
(64, 3, 236, 50.00, '2024-09-01'),
(64, 3, 237, 50.00, '2024-09-01'),
(65, 7, 238, 50.00, '2024-09-01'),
(65, 11, 239, 50.00, '2024-09-01'),
(66, 8, 240, 50.00, '2024-09-01'),
(66, 13, 241, 50.00, '2024-09-01'),
(67, 9, 242, 50.00, '2024-09-01'),
(67, 13, 243, 50.00, '2024-09-01'),
(68, 6, 244, 50.00, '2024-09-01'),
(68, 10, 245, 50.00, '2024-09-01'),
(69, 7, 246, 50.00, '2024-09-01'),
(69, 11, 247, 50.00, '2024-09-01'),
(70, 6, 248, 50.00, '2024-09-01'),
(70, 10, 249, 50.00, '2024-09-01'),
(71, 3, 250, 50.00, '2024-09-01'),
(71, 11, 251, 50.00, '2024-09-01'),
(72, 3, 252, 50.00, '2024-09-01'),
(72, 10, 253, 50.00, '2024-09-01'),
(73, 6, 254, 50.00, '2024-09-01'),
(73, 11, 255, 50.00, '2024-09-01'),
(94, 11, 256, 50.00, '2024-09-01'),
(95, 3, 257, 50.00, '2024-09-01'),
(95, 10, 258, 50.00, '2024-09-01'),
(96, 7, 259, 50.00, '2024-09-01'),
(96, 11, 260, 50.00, '2024-09-01'),
(97, 6, 261, 50.00, '2024-09-01'),
(97, 7, 262, 50.00, '2024-09-01'),
(98, 3, 263, 50.00, '2024-09-01'),
(98, 10, 264, 50.00, '2024-09-01'),
(99, 7, 265, 50.00, '2024-09-01'),
(99, 11, 266, 50.00, '2024-09-01'),
(100, 3, 267, 50.00, '2024-09-01'),
(100, 6, 268, 50.00, '2024-09-01'),
(61, 11, 269, 50.00, '2024-09-01'),
(58, 11, 270, 50.00, '2024-09-01'),
(56, 12, 271, 50.00, '2024-09-01'),
(53, 12, 272, 50.00, '2024-09-01'),
(54, 13, 273, 50.00, '2024-09-01'),
(50, 13, 274, 50.00, '2024-09-01'),
(48, 14, 275, 50.00, '2024-09-01'),
(45, 14, 276, 50.00, '2024-09-01'),
(44, 15, 277, 50.00, '2024-09-01'),
(40, 15, 278, 50.00, '2024-09-01'),
(38, 16, 279, 50.00, '2024-09-01'),
(35, 16, 280, 50.00, '2024-09-01'),
(34, 17, 281, 50.00, '2024-09-01'),
(30, 17, 282, 50.00, '2024-09-01'),
(29, 18, 283, 50.00, '2024-09-01'),
(26, 18, 284, 50.00, '2024-09-01'),
(25, 19, 285, 50.00, '2024-09-01'),
(21, 19, 286, 50.00, '2024-09-01'),
(19, 20, 287, 50.00, '2024-09-01'),
(16, 20, 288, 50.00, '2024-09-01'),
(14, 21, 289, 50.00, '2024-09-01'),
(11, 21, 290, 50.00, '2024-09-01'),
(9, 22, 291, 50.00, '2024-09-01'),
(6, 22, 292, 50.00, '2024-09-01'),
(5, 23, 293, 50.00, '2024-09-01'),
(2, 23, 294, 50.00, '2024-09-01'),
(1, 24, 295, 50.00, '2024-09-01'),
(98, 24, 296, 50.00, '2024-09-01'),
(96, 25, 297, 50.00, '2024-09-01'),
(93, 25, 298, 50.00, '2024-09-01'),
(91, 26, 299, 50.00, '2024-09-01'),
(88, 26, 300, 50.00, '2024-09-01'),
(87, 27, 301, 50.00, '2024-09-01'),
(83, 27, 302, 50.00, '2024-09-01'),
(81, 28, 303, 50.00, '2024-09-01'),
(78, 28, 304, 50.00, '2024-09-01'),
(76, 29, 305, 50.00, '2024-09-01'),
(73, 29, 306, 50.00, '2024-09-01'),
(71, 30, 307, 50.00, '2024-09-01'),
(68, 30, 308, 50.00, '2024-09-01'),
(66, 31, 309, 50.00, '2024-09-01'),
(63, 31, 310, 50.00, '2024-09-01'),
(61, 32, 311, 50.00, '2024-09-01'),
(58, 32, 312, 50.00, '2024-09-01'),
(56, 33, 313, 50.00, '2024-09-01'),
(53, 33, 314, 50.00, '2024-09-01'),
(52, 34, 315, 50.00, '2024-09-01'),
(48, 34, 316, 50.00, '2024-09-01'),
(46, 35, 317, 50.00, '2024-09-01'),
(43, 35, 318, 50.00, '2024-09-01'),
(41, 36, 319, 50.00, '2024-09-01'),
(38, 36, 320, 50.00, '2024-09-01'),
(36, 37, 321, 50.00, '2024-09-01'),
(33, 37, 322, 50.00, '2024-09-01'),
(31, 38, 323, 50.00, '2024-09-01'),
(28, 38, 324, 50.00, '2024-09-01');



-- Roles
INSERT INTO Roles (userID, orgID, positionName, school_year, semester)
VALUES
-- Presidents for each club
(1, 1, 'President', 2024, 'Spring'),
(2, 2, 'President', 2024, 'Spring'),
(3, 3, 'President', 2024, 'Spring'),
(4, 4, 'President', 2024, 'Spring'),
(5, 5, 'President', 2024, 'Spring'),
(6, 6, 'President', 2024, 'Spring'),
(7, 7, 'President', 2024, 'Spring'),
(8, 8, 'President', 2024, 'Spring'),
(9, 9, 'President', 2024, 'Spring'),
(10, 10, 'President', 2024, 'Spring'),
(11, 11, 'President', 2024, 'Spring'),
(12, 12, 'President', 2024, 'Spring'),
(13, 13, 'President', 2024, 'Spring'),
(14, 14, 'President', 2024, 'Spring'),
(15, 15, 'President', 2024, 'Spring'),
(16, 16, 'President', 2024, 'Spring'),
(17, 17, 'President', 2024, 'Spring'),
(18, 18, 'President', 2024, 'Spring'),
(19, 19, 'President', 2024, 'Spring'),
(20, 20, 'President', 2024, 'Spring'),
-- Vice Presidents for each club
(21, 1, 'Vice President', 2024, 'Spring'),
(22, 2, 'Vice President', 2024, 'Spring'),
(23, 3, 'Vice President', 2024, 'Spring'),
(24, 4, 'Vice President', 2024, 'Spring'),
(25, 5, 'Vice President', 2024, 'Spring'),
(26, 6, 'Vice President', 2024, 'Spring'),
(27, 7, 'Vice President', 2024, 'Spring'),
(28, 8, 'Vice President', 2024, 'Spring'),
(29, 9, 'Vice President', 2024, 'Spring'),
(30, 10, 'Vice President', 2024, 'Spring'),
(31, 11, 'Vice President', 2024, 'Spring'),
(32, 12, 'Vice President', 2024, 'Spring'),
(33, 13, 'Vice President', 2024, 'Spring'),
(34, 14, 'Vice President', 2024, 'Spring'),
(35, 15, 'Vice President', 2024, 'Spring'),
(36, 16, 'Vice President', 2024, 'Spring'),
(37, 17, 'Vice President', 2024, 'Spring'),
(38, 18, 'Vice President', 2024, 'Spring'),
(39, 19, 'Vice President', 2024, 'Spring'),
(40, 20, 'Vice President', 2024, 'Spring'),
-- Secretaries for each club
(41, 1, 'Secretary', 2024, 'Spring'),
(42, 2, 'Secretary', 2024, 'Spring'),
(43, 3, 'Secretary', 2024, 'Spring'),
(44, 4, 'Secretary', 2024, 'Spring'),
(45, 5, 'Secretary', 2024, 'Spring'),
(46, 6, 'Secretary', 2024, 'Spring'),
(47, 7, 'Secretary', 2024, 'Spring'),
(48, 8, 'Secretary', 2024, 'Spring'),
(49, 9, 'Secretary', 2024, 'Spring'),
(50, 10, 'Secretary', 2024, 'Spring'),
(51, 11, 'Secretary', 2024, 'Spring'),
(52, 12, 'Secretary', 2024, 'Spring'),
(53, 13, 'Secretary', 2024, 'Spring'),
(54, 14, 'Secretary', 2024, 'Spring'),
(55, 15, 'Secretary', 2024, 'Spring'),
(56, 16, 'Secretary', 2024, 'Spring'),
(57, 17, 'Secretary', 2024, 'Spring'),
(58, 18, 'Secretary', 2024, 'Spring'),
(59, 19, 'Secretary', 2024, 'Spring'),
(60, 20, 'Secretary', 2024, 'Spring'),
-- Treasurers for each club
(61, 1, 'Treasurer', 2024, 'Spring'),
(62, 2, 'Treasurer', 2024, 'Spring'),
(63, 3, 'Treasurer', 2024, 'Spring'),
(64, 4, 'Treasurer', 2024, 'Spring'),
(65, 5, 'Treasurer', 2024, 'Spring'),
(66, 6, 'Treasurer', 2024, 'Spring'),
(67, 7, 'Treasurer', 2024, 'Spring'),
(68, 8, 'Treasurer', 2024, 'Spring'),
(69, 9, 'Treasurer', 2024, 'Spring'),
(70, 10, 'Treasurer', 2024, 'Spring'),
(71, 11, 'Treasurer', 2024, 'Spring'),
(72, 12, 'Treasurer', 2024, 'Spring'),
(73, 13, 'Treasurer', 2024, 'Spring'),
(74, 14, 'Treasurer', 2024, 'Spring'),
(75, 15, 'Treasurer', 2024, 'Spring'),
(76, 16, 'Treasurer', 2024, 'Spring'),
(77, 17, 'Treasurer', 2024, 'Spring'),
(78, 18, 'Treasurer', 2024, 'Spring'),
(79, 19, 'Treasurer', 2024, 'Spring'),
(80, 20, 'Treasurer', 2024, 'Spring'),
-- Other club members
(81, 1, 'Member', 2024, 'Spring'),
(82, 2, 'Member', 2024, 'Spring'),
(83, 3, 'Member', 2024, 'Spring'),
(84, 4, 'Member', 2024, 'Spring'),
(85, 5, 'Member', 2024, 'Spring'),
(86, 6, 'Member', 2024, 'Spring'),
(87, 7, 'Member', 2024, 'Spring'),
(88, 8, 'Member', 2024, 'Spring'),
(89, 9, 'Member', 2024, 'Spring'),
(90, 10, 'Member', 2024, 'Spring'),
(91, 11, 'Member', 2024, 'Spring'),
(92, 12, 'Member', 2024, 'Spring'),
(93, 13, 'Member', 2024, 'Spring'),
(94, 14, 'Member', 2024, 'Spring'),
(95, 15, 'Member', 2024, 'Spring'),
(96, 16, 'Member', 2024, 'Spring'),
(97, 17, 'Member', 2024, 'Spring'),
(98, 18, 'Member', 2024, 'Spring'),
(99, 19, 'Member', 2024, 'Spring'),
(100, 20, 'Member', 2024, 'Spring'),
(1, 2, 'Member', 2024, 'Fall'),
(1, 6, 'Member', 2024, 'Fall'),
(2, 1, 'Member', 2024, 'Fall'),
(2, 10, 'Member', 2024, 'Fall'),
(3, 3, 'Member', 2024, 'Fall'),
(3, 7, 'Member', 2024, 'Fall'),
(4, 5, 'Member', 2024, 'Fall'),
(4, 11, 'Member', 2024, 'Fall'),
(5, 3, 'Member', 2024, 'Fall'),
(5, 5, 'Member', 2024, 'Fall'),
(6, 1, 'Member', 2024, 'Fall'),
(6, 2, 'Member', 2024, 'Fall'),
(7, 7, 'Member', 2024, 'Fall'),
(7, 11, 'Member', 2024, 'Fall'),
(8, 8, 'Member', 2024, 'Fall'),
(8, 12, 'Member', 2024, 'Fall'),
(9, 9, 'Member', 2024, 'Fall'),
(9, 13, 'Member', 2024, 'Fall'),
(10, 6, 'Member', 2024, 'Fall'),
(10, 10, 'Member', 2024, 'Fall'),
(11, 1, 'Member', 2024, 'Fall'),
(11, 3, 'Member', 2024, 'Fall'),
(12, 12, 'Member', 2024, 'Fall'),
(12, 13, 'Member', 2024, 'Fall'),
(13, 1, 'Member', 2024, 'Fall'),
(13, 11, 'Member', 2024, 'Fall'),
(14, 5, 'Member', 2024, 'Fall'),
(14, 6, 'Member', 2024, 'Fall'),
(15, 3, 'Member', 2024, 'Fall'),
(15, 7, 'Member', 2024, 'Fall'),
(16, 1, 'Member', 2024, 'Fall'),
(16, 10, 'Member', 2024, 'Fall'),
(17, 7, 'Member', 2024, 'Fall'),
(17, 11, 'Member', 2024, 'Fall'),
(18, 6, 'Member', 2024, 'Fall'),
(18, 10, 'Member', 2024, 'Fall'),
(19, 5, 'Member', 2024, 'Fall'),
(19, 11, 'Member', 2024, 'Fall'),
(20, 1, 'Member', 2024, 'Fall'),
(20, 3, 'Member', 2024, 'Fall'),
(21, 12, 'Member', 2024, 'Fall'),
(21, 13, 'Member', 2024, 'Fall'),
(22, 6, 'Member', 2024, 'Fall'),
(22, 7, 'Member', 2024, 'Fall'),
(23, 1, 'Member', 2024, 'Fall'),
(23, 10, 'Member', 2024, 'Fall'),
(24, 1, 'Member', 2024, 'Fall'),
(24, 11, 'Member', 2024, 'Fall'),
(25, 3, 'Member', 2024, 'Fall'),
(25, 6, 'Member', 2024, 'Fall'),
(26, 3, 'Member', 2024, 'Fall'),
(26, 7, 'Member', 2024, 'Fall'),
(27, 5, 'Member', 2024, 'Fall'),
(27, 10, 'Member', 2024, 'Fall'),
(28, 8, 'Member', 2024, 'Fall'),
(28, 12, 'Member', 2024, 'Fall'),
(29, 9, 'Member', 2024, 'Fall'),
(29, 13, 'Member', 2024, 'Fall'),
(30, 6, 'Member', 2024, 'Fall'),
(30, 10, 'Member', 2024, 'Fall'),
(31, 8, 'Member', 2024, 'Fall'),
(31, 12, 'Member', 2024, 'Fall'),
(32, 2, 'Member', 2024, 'Fall'),
(32, 10, 'Member', 2024, 'Fall'),
(33, 6, 'Member', 2024, 'Fall'),
(33, 7, 'Member', 2024, 'Fall'),
(34, 1, 'Member', 2024, 'Fall'),
(34, 11, 'Member', 2024, 'Fall'),
(35, 2, 'Member', 2024, 'Fall'),
(35, 6, 'Member', 2024, 'Fall'),
(36, 8, 'Member', 2024, 'Fall'),
(36, 13, 'Member', 2024, 'Fall'),
(37, 2, 'Member', 2024, 'Fall'),
(37, 10, 'Member', 2024, 'Fall'),
(38, 9, 'Member', 2024, 'Fall'),
(38, 13, 'Member', 2024, 'Fall'),
(39, 7, 'Member', 2024, 'Fall'),
(39, 11, 'Member', 2024, 'Fall'),
(40, 2, 'Member', 2024, 'Fall'),
(40, 10, 'Member', 2024, 'Fall'),
(41, 1, 'Member', 2024, 'Fall'),
(41, 6, 'Member', 2024, 'Fall'),
(42, 5, 'Member', 2024, 'Fall'),
(42, 11, 'Member', 2024, 'Fall'),
(43, 5, 'Member', 2024, 'Fall'),
(43, 6, 'Member', 2024, 'Fall'),
(44, 7, 'Member', 2024, 'Fall'),
(44, 10, 'Member', 2024, 'Fall'),
(45, 6, 'Member', 2024, 'Fall'),
(45, 11, 'Member', 2024, 'Fall'),
(46, 2, 'Member', 2024, 'Fall'),
(46, 6, 'Member', 2024, 'Fall'),
(47, 7, 'Member', 2024, 'Fall'),
(47, 10, 'Member', 2024, 'Fall'),
(48, 6, 'Member', 2024, 'Fall'),
(48, 11, 'Member', 2024, 'Fall'),
(49, 2, 'Member', 2024, 'Fall'),
(49, 10, 'Member', 2024, 'Fall'),
(50, 7, 'Member', 2024, 'Fall'),
(50, 11, 'Member', 2024, 'Fall'),
(51, 6, 'Member', 2024, 'Fall'),
(51, 7, 'Member', 2024, 'Fall'),
(52, 2, 'Member', 2024, 'Fall'),
(52, 10, 'Member', 2024, 'Fall'),
(53, 7, 'Member', 2024, 'Fall'),
(53, 11, 'Member', 2024, 'Fall'),
(54, 1, 'Member', 2024, 'Fall'),
(54, 6, 'Member', 2024, 'Fall'),
(55, 3, 'Member', 2024, 'Fall'),
(55, 7, 'Member', 2024, 'Fall'),
(56, 2, 'Member', 2024, 'Fall'),
(56, 10, 'Member', 2024, 'Fall'),
(57, 8, 'Member', 2024, 'Fall'),
(57, 12, 'Member', 2024, 'Fall'),
(58, 9, 'Member', 2024, 'Fall'),
(58, 13, 'Member', 2024, 'Fall'),
(59, 6, 'Member', 2024, 'Fall'),
(59, 10, 'Member', 2024, 'Fall'),
(60, 8, 'Member', 2024, 'Fall'),
(60, 12, 'Member', 2024, 'Fall'),
(61, 2, 'Member', 2024, 'Fall'),
(61, 10, 'Member', 2024, 'Fall'),
(62, 6, 'Member', 2024, 'Fall'),
(62, 7, 'Member', 2024, 'Fall'),
(63, 1, 'Member', 2024, 'Fall'),
(63, 11, 'Member', 2024, 'Fall'),
(64, 1, 'Member', 2024, 'Fall'),
(64, 2, 'Member', 2024, 'Fall'),
(65, 7, 'Member', 2024, 'Fall'),
(65, 11, 'Member', 2024, 'Fall'),
(66, 8, 'Member', 2024, 'Fall'),
(66, 13, 'Member', 2024, 'Fall'),
(67, 9, 'Member', 2024, 'Fall'),
(67, 13, 'Member', 2024, 'Fall'),
(68, 6, 'Member', 2024, 'Fall'),
(68, 10, 'Member', 2024, 'Fall'),
(69, 7, 'Member', 2024, 'Fall'),
(69, 11, 'Member', 2024, 'Fall'),
(70, 6, 'Member', 2024, 'Fall'),
(70, 10, 'Member', 2024, 'Fall'),
(71, 1, 'Member', 2024, 'Fall'),
(71, 11, 'Member', 2024, 'Fall'),
(72, 2, 'Member', 2024, 'Fall'),
(72, 10, 'Member', 2024, 'Fall'),
(73, 6, 'Member', 2024, 'Fall'),
(73, 11, 'Member', 2024, 'Fall'),
(94, 11, 'Member', 2024, 'Fall'),
(95, 2, 'Member', 2024, 'Fall'),
(95, 10, 'Member', 2024, 'Fall'),
(96, 7, 'Member', 2024, 'Fall'),
(96, 11, 'Member', 2024, 'Fall'),
(97, 6, 'Member', 2024, 'Fall'),
(97, 7, 'Member', 2024, 'Fall'),
(98, 2, 'Member', 2024, 'Fall'),
(98, 10, 'Member', 2024, 'Fall'),
(99, 7, 'Member', 2024, 'Fall'),
(99, 11, 'Member', 2024, 'Fall'),
(100, 1, 'Member', 2024, 'Fall'),
(100, 6, 'Member', 2024, 'Fall'),
(61, 11, 'Member', 2024, 'Fall'),
(58, 11, 'Member', 2024, 'Fall'),
(56, 12, 'Member', 2024, 'Fall'),
(53, 12, 'Member', 2024, 'Fall'),
(54, 13, 'Member', 2024, 'Fall'),
(50, 13, 'Member', 2024, 'Fall'),
(48, 14, 'Member', 2024, 'Fall'),
(45, 14, 'Member', 2024, 'Fall'),
(44, 15, 'Member', 2024, 'Fall'),
(40, 15, 'Member', 2024, 'Fall'),
(38, 16, 'Member', 2024, 'Fall'),
(35, 16, 'Member', 2024, 'Fall'),
(34, 17, 'Member', 2024, 'Fall'),
(30, 17, 'Member', 2024, 'Fall'),
(29, 18, 'Member', 2024, 'Fall'),
(26, 18, 'Member', 2024, 'Fall'),
(25, 19, 'Member', 2024, 'Fall'),
(21, 19, 'Member', 2024, 'Fall'),
(19, 20, 'Member', 2024, 'Fall'),
(16, 20, 'Member', 2024, 'Fall'),
(14, 21, 'Member', 2024, 'Fall'),
(11, 21, 'Member', 2024, 'Fall'),
(9, 22, 'Member', 2024, 'Fall'),
(6, 22, 'Member', 2024, 'Fall'),
(5, 23, 'Member', 2024, 'Fall'),
(2, 23, 'Member', 2024, 'Fall'),
(1, 24, 'Member', 2024, 'Fall'),
(98, 24, 'Member', 2024, 'Fall'),
(96, 25, 'Member', 2024, 'Fall'),
(93, 25, 'Member', 2024, 'Fall'),
(91, 26, 'Member', 2024, 'Fall'),
(88, 26, 'Member', 2024, 'Fall'),
(87, 27, 'Member', 2024, 'Fall'),
(83, 27, 'Member', 2024, 'Fall'),
(81, 28, 'Member', 2024, 'Fall'),
(78, 28, 'Member', 2024, 'Fall'),
(76, 29, 'Member', 2024, 'Fall'),
(73, 29, 'Member', 2024, 'Fall'),
(71, 30, 'Member', 2024, 'Fall'),
(68, 30, 'Member', 2024, 'Fall'),
(66, 31, 'Member', 2024, 'Fall'),
(63, 31, 'Member', 2024, 'Fall'),
(61, 32, 'Member', 2024, 'Fall'),
(58, 32, 'Member', 2024, 'Fall'),
(56, 33, 'Member', 2024, 'Fall'),
(53, 33, 'Member', 2024, 'Fall'),
(52, 34, 'Member', 2024, 'Fall'),
(48, 34, 'Member', 2024, 'Fall'),
(46, 35, 'Member', 2024, 'Fall'),
(43, 35, 'Member', 2024, 'Fall'),
(41, 36, 'Member', 2024, 'Fall'),
(38, 36, 'Member', 2024, 'Fall'),
(36, 37, 'Member', 2024, 'Fall'),
(33, 37, 'Member', 2024, 'Fall'),
(31, 38, 'Member', 2024, 'Fall'),
(28, 38, 'Member', 2024, 'Fall'),
-- Alumni club members
(101, 1, 'Alumni Member', 2024, 'Spring'),
(102, 2, 'Alumni Member', 2024, 'Spring'),
(103, 3, 'Alumni Member', 2024, 'Spring'),
(104, 4, 'Alumni Member', 2024, 'Spring'),
(105, 5, 'Alumni Member', 2024, 'Spring'),
(106, 6, 'Alumni Member', 2024, 'Spring'),
(107, 7, 'Alumni Member', 2024, 'Spring'),
(108, 8, 'Alumni Member', 2024, 'Spring'),
(109, 9, 'Alumni Member', 2024, 'Spring'),
(110, 10, 'Alumni Member', 2024, 'Spring'),
(111, 11, 'Alumni Member', 2024, 'Spring'),
(112, 12, 'Alumni Member', 2024, 'Spring'),
(113, 13, 'Alumni Member', 2024, 'Spring'),
(114, 14, 'Alumni Member', 2024, 'Spring'),
(115, 15, 'Alumni Member', 2024, 'Spring'),
(116, 16, 'Alumni Member', 2024, 'Spring'),
(117, 17, 'Alumni Member', 2024, 'Spring'),
(118, 18, 'Alumni Member', 2024, 'Spring'),
(119, 19, 'Alumni Member', 2024, 'Spring'),
(120, 20, 'Alumni Member', 2024, 'Spring'),
-- Prospective club members
(74, 2, 'Prospective Member', 2024, 'Fall'),
(74, 10, 'Prospective Member', 2024, 'Fall'),
(75, 7, 'Prospective Member', 2024, 'Fall'),
(75, 11, 'Prospective Member', 2024, 'Fall'),
(76, 6, 'Prospective Member', 2024, 'Fall'),
(76, 7, 'Prospective Member', 2024, 'Fall'),
(77, 1, 'Prospective Member', 2024, 'Fall'),
(77, 10, 'Prospective Member', 2024, 'Fall'),
(78, 2, 'Prospective Member', 2024, 'Fall'),
(78, 6, 'Prospective Member', 2024, 'Fall'),
(79, 7, 'Prospective Member', 2024, 'Fall'),
(79, 10, 'Prospective Member', 2024, 'Fall'),
(80, 6, 'Prospective Member', 2024, 'Fall'),
(80, 11, 'Prospective Member', 2024, 'Fall'),
(81, 2, 'Prospective Member', 2024, 'Fall'),
(81, 6, 'Prospective Member', 2024, 'Fall'),
(82, 7, 'Prospective Member', 2024, 'Fall'),
(82, 11, 'Prospective Member', 2024, 'Fall'),
(83, 8, 'Prospective Member', 2024, 'Fall'),
(83, 12, 'Prospective Member', 2024, 'Fall'),
(84, 9, 'Prospective Member', 2024, 'Fall'),
(84, 13, 'Prospective Member', 2024, 'Fall'),
(85, 6, 'Prospective Member', 2024, 'Fall'),
(85, 10, 'Prospective Member', 2024, 'Fall'),
(86, 7, 'Prospective Member', 2024, 'Fall'),
(86, 11, 'Prospective Member', 2024, 'Fall'),
(87, 1, 'Prospective Member', 2024, 'Fall'),
(87, 6, 'Prospective Member', 2024, 'Fall'),
(88, 5, 'Prospective Member', 2024, 'Fall'),
(88, 11, 'Prospective Member', 2024, 'Fall'),
(89, 5, 'Prospective Member', 2024, 'Fall'),
(89, 6, 'Prospective Member', 2024, 'Fall'),
(90, 7, 'Prospective Member', 2024, 'Fall'),
(90, 10, 'Prospective Member', 2024, 'Fall'),
(91, 6, 'Prospective Member', 2024, 'Fall'),
(91, 11, 'Prospective Member', 2024, 'Fall'),
(92, 2, 'Prospective Member', 2024, 'Fall'),
(92, 6, 'Prospective Member', 2024, 'Fall'),
(93, 7, 'Prospective Member', 2024, 'Fall'),
(93, 10, 'Prospective Member', 2024, 'Fall'),
(94, 6, 'Prospective Member', 2024, 'Fall');




-- Events

INSERT INTO Events (eventID, orgID, name, startTime, endTime, location, isMandatory) VALUES
(1, 1, 'Roller Hockey Club Practice', '2024-04-10 10:00:00', '2024-04-10 12:00:00', 'Roller Rink', 1),
(2, 1, 'Roller Hockey Club Game vs. Rivals', '2024-04-15 15:00:00', '2024-04-15 17:00:00', 'Stadium', 1),
(3, 1, 'Roller Hockey Club Practice', '2024-04-17 10:00:00', '2024-04-17 12:00:00', 'Roller Rink', 1),
(4, 1, 'Roller Hockey Club Game vs. Newcomers', '2024-04-29 14:00:00', '2024-04-29 16:00:00', 'Stadium', 1),
(5, 1, 'Roller Hockey Club Practice', '2024-05-01 10:00:00', '2024-05-01 12:00:00', 'Roller Rink', 1),
(6, 1, 'Roller Hockey Club Game vs. Veterans', '2024-05-06 15:00:00', '2024-05-06 17:00:00', 'Stadium', 1),
(7, 1, 'Roller Hockey Club Practice', '2024-05-08 10:00:00', '2024-05-08 12:00:00', 'Roller Rink', 1),
(8, 1, 'Roller Hockey Club Game vs. All-Stars', '2024-05-13 16:00:00', '2024-05-13 18:00:00', 'Stadium', 1),
(9, 1, 'Roller Hockey Club Practice', '2024-05-15 10:00:00', '2024-05-15 12:00:00', 'Roller Rink', 1),
(10, 2, 'Basketball Club Practice', '2024-04-11 09:00:00', '2024-04-11 11:00:00', 'Basketball Court', 1),
(11, 2, 'Basketball Club Game vs. Competitors', '2024-04-16 18:00:00', '2024-04-16 20:00:00', 'Arena', 1),
(12, 2, 'Basketball Club Practice', '2024-04-18 09:00:00', '2024-04-18 11:00:00', 'Basketball Court', 1),
(13, 2, 'Basketball Club Game vs. Rivals', '2024-04-30 18:00:00', '2024-04-30 20:00:00', 'Arena', 1),
(14, 2, 'Basketball Club Practice', '2024-05-02 09:00:00', '2024-05-02 11:00:00', 'Basketball Court', 1),
(15, 2, 'Basketball Club Game vs. Competitors', '2024-05-07 18:00:00', '2024-05-07 20:00:00', 'Arena', 1),
(16, 2, 'Basketball Club Practice', '2024-05-09 09:00:00', '2024-05-09 11:00:00', 'Basketball Court', 1),
(17, 2, 'Basketball Club Game vs. All-Stars', '2024-05-14 18:00:00', '2024-05-14 20:00:00', 'Arena', 1),
(18, 2, 'Basketball Club Practice', '2024-05-16 09:00:00', '2024-05-16 11:00:00', 'Basketball Court', 1),
(19, 3, 'Football Club Practice', '2024-04-12 14:00:00', '2024-04-12 16:00:00', 'Football Field', 1),
(20, 3, 'Football Club Game vs. Rivals', '2024-04-17 16:00:00', '2024-04-17 18:00:00', 'Stadium', 1),
(21, 3, 'Football Club Practice', '2024-04-19 14:00:00', '2024-04-19 16:00:00', 'Football Field', 1),
(22, 3, 'Football Club Game vs. Newcomers', '2024-05-01 16:00:00', '2024-05-01 18:00:00', 'Stadium', 1),
(23, 3, 'Football Club Practice', '2024-05-03 14:00:00', '2024-05-03 16:00:00', 'Football Field', 1),
(24, 3, 'Football Club Game vs. Veterans', '2024-05-08 16:00:00', '2024-05-08 18:00:00', 'Stadium', 1),
(25, 3, 'Football Club Practice', '2024-05-10 14:00:00', '2024-05-10 16:00:00', 'Football Field', 1),
(26, 3, 'Football Club Game vs. All-Stars', '2024-05-15 16:00:00', '2024-05-15 18:00:00', 'Stadium', 1),
(27, 3, 'Football Club Practice', '2024-05-17 14:00:00', '2024-05-17 16:00:00', 'Football Field', 1),
(28, 4, 'Alpha Beta Gamma Ritual Ceremony', '2024-04-14 19:00:00', '2024-04-14 21:00:00', 'Chapter House', 1),
(29, 4, 'Alpha Beta Gamma Philanthropy Event', '2024-04-18 12:00:00', '2024-04-18 14:00:00', 'Community Center', 1),
(30, 4, 'Alpha Beta Gamma Community Service', '2024-04-20 10:00:00', '2024-04-20 12:00:00', 'Local Park', 1),
(31, 4, 'Alpha Beta Gamma Philanthropy Event', '2024-04-25 12:00:00', '2024-04-25 14:00:00', 'Community Center', 1),
(32, 4, 'Alpha Beta Gamma Community Service', '2024-04-28 10:00:00', '2024-04-28 12:00:00', 'Local Park', 1),
(33, 4, 'Alpha Beta Gamma Ritual Ceremony', '2024-05-02 19:00:00', '2024-05-02 21:00:00', 'Chapter House', 1),
(34, 4, 'Alpha Beta Gamma Philanthropy Event', '2024-05-06 12:00:00', '2024-05-06 14:00:00', 'Community Center', 1),
(35, 4, 'Alpha Beta Gamma Community Service', '2024-05-09 10:00:00', '2024-05-09 12:00:00', 'Local Park', 1),
(36, 4, 'Alpha Beta Gamma Ritual Ceremony', '2024-05-13 19:00:00', '2024-05-13 21:00:00', 'Chapter House', 1),
(37, 5, 'Delta Sigma Phi Ritual Ceremony', '2024-04-15 20:00:00', '2024-04-15 22:00:00', 'Chapter House', 1),
(38, 5, 'Delta Sigma Phi Philanthropy Event', '2024-04-19 12:00:00', '2024-04-19 14:00:00', 'Community Center', 1),
(39, 5, 'Delta Sigma Phi Community Service', '2024-04-21 10:00:00', '2024-04-21 12:00:00', 'Local Park', 1),
(40, 5, 'Delta Sigma Phi Philanthropy Event', '2024-04-26 12:00:00', '2024-04-26 14:00:00', 'Community Center', 1),
(41, 5, 'Delta Sigma Phi Community Service', '2024-04-29 10:00:00', '2024-04-29 12:00:00', 'Local Park', 1),
(42, 5, 'Delta Sigma Phi Ritual Ceremony', '2024-05-03 20:00:00', '2024-05-03 22:00:00', 'Chapter House', 1),
(43, 5, 'Delta Sigma Phi Philanthropy Event', '2024-05-07 12:00:00', '2024-05-07 14:00:00', 'Community Center', 1),
(44, 5, 'Delta Sigma Phi Community Service', '2024-05-10 10:00:00', '2024-05-10 12:00:00', 'Local Park', 1),
(45, 5, 'Delta Sigma Phi Ritual Ceremony', '2024-05-14 20:00:00', '2024-05-14 22:00:00', 'Chapter House', 1),
(46, 6, 'Volleyball Club Practice', '2024-04-16 11:00:00', '2024-04-16 13:00:00', 'Volleyball Court', 1),
(47, 6, 'Volleyball Club Game vs. Opponents', '2024-04-20 16:00:00', '2024-04-20 18:00:00', 'Beach Court', 1),
(48, 6, 'Volleyball Club Practice', '2024-04-23 11:00:00', '2024-04-23 13:00:00', 'Volleyball Court', 1),
(49, 6, 'Volleyball Club Game vs. Newcomers', '2024-05-02 16:00:00', '2024-05-02 18:00:00', 'Beach Court', 1),
(50, 6, 'Volleyball Club Practice', '2024-05-04 11:00:00', '2024-05-04 13:00:00', 'Volleyball Court', 1),
(51, 6, 'Volleyball Club Game vs. Veterans', '2024-05-09 16:00:00', '2024-05-09 18:00:00', 'Beach Court', 1),
(52, 6, 'Volleyball Club Practice', '2024-05-11 11:00:00', '2024-05-11 13:00:00', 'Volleyball Court', 1),
(53, 6, 'Volleyball Club Game vs. All-Stars', '2024-05-16 16:00:00', '2024-05-16 18:00:00', 'Beach Court', 1),
(54, 6, 'Volleyball Club Practice', '2024-05-18 11:00:00', '2024-05-18 13:00:00', 'Volleyball Court', 1),
(55, 7, 'Soccer Club Practice', '2024-04-17 13:00:00', '2024-04-17 15:00:00', 'Soccer Field', 1),
(56, 7, 'Soccer Club Game vs. Competitors', '2024-04-21 17:00:00', '2024-04-21 19:00:00', 'Stadium', 1),
(57, 7, 'Soccer Club Practice', '2024-04-24 13:00:00', '2024-04-24 15:00:00', 'Soccer Field', 1),
(58, 7, 'Soccer Club Game vs. Newcomers', '2024-05-03 17:00:00', '2024-05-03 19:00:00', 'Stadium', 1),
(59, 7, 'Soccer Club Practice', '2024-05-05 13:00:00', '2024-05-05 15:00:00', 'Soccer Field', 1),
(60, 7, 'Soccer Club Game vs. Veterans', '2024-05-10 17:00:00', '2024-05-10 19:00:00', 'Stadium', 1),
(61, 7, 'Soccer Club Practice', '2024-05-12 13:00:00', '2024-05-12 15:00:00', 'Soccer Field', 1),
(62, 7, 'Soccer Club Game vs. All-Stars', '2024-05-17 17:00:00', '2024-05-17 19:00:00', 'Stadium', 1),
(63, 7, 'Soccer Club Practice', '2024-05-19 13:00:00', '2024-05-19 15:00:00', 'Soccer Field', 1),
(64, 8, 'Alpha Phi Ritual Ceremony', '2024-04-18 20:00:00', '2024-04-18 22:00:00', 'Chapter House', 1),
(65, 8, 'Alpha Phi Philanthropy Event', '2024-04-22 12:00:00', '2024-04-22 14:00:00', 'Community Center', 1),
(66, 8, 'Alpha Phi Community Service', '2024-04-26 10:00:00', '2024-04-26 12:00:00', 'Local Park', 1),
(67, 8, 'Alpha Phi Philanthropy Event', '2024-04-29 12:00:00', '2024-04-29 14:00:00', 'Community Center', 1),
(68, 8, 'Alpha Phi Community Service', '2024-05-01 10:00:00', '2024-05-01 12:00:00', 'Local Park', 1),
(69, 8, 'Alpha Phi Ritual Ceremony', '2024-05-06 20:00:00', '2024-05-06 22:00:00', 'Chapter House', 1),
(70, 8, 'Alpha Phi Philanthropy Event', '2024-05-10 12:00:00', '2024-05-10 14:00:00', 'Community Center', 1),
(71, 8, 'Alpha Phi Community Service', '2024-05-13 10:00:00', '2024-05-13 12:00:00', 'Local Park', 1),
(72, 8, 'Alpha Phi Ritual Ceremony', '2024-05-17 20:00:00', '2024-05-17 22:00:00', 'Chapter House', 1),
(73, 9, 'Delta Delta Delta Ritual Ceremony', '2024-04-19 20:00:00', '2024-04-19 22:00:00', 'Chapter House', 1),
(74, 9, 'Delta Delta Delta Philanthropy Event', '2024-04-23 12:00:00', '2024-04-23 14:00:00', 'Community Center', 1),
(75, 9, 'Delta Delta Delta Community Service', '2024-04-27 10:00:00', '2024-04-27 12:00:00', 'Local Park', 1),
(76, 9, 'Delta Delta Delta Philanthropy Event', '2024-04-30 12:00:00', '2024-04-30 14:00:00', 'Community Center', 1),
(77, 9, 'Delta Delta Delta Community Service', '2024-05-02 10:00:00', '2024-05-02 12:00:00', 'Local Park', 1),
(78, 9, 'Delta Delta Delta Ritual Ceremony', '2024-05-07 20:00:00', '2024-05-07 22:00:00', 'Chapter House', 1),
(79, 9, 'Delta Delta Delta Philanthropy Event', '2024-05-11 12:00:00', '2024-05-11 14:00:00', 'Community Center', 1),
(80, 9, 'Delta Delta Delta Community Service', '2024-05-14 10:00:00', '2024-05-14 12:00:00', 'Local Park', 1),
(81, 9, 'Delta Delta Delta Ritual Ceremony', '2024-05-18 20:00:00', '2024-05-18 22:00:00', 'Chapter House', 1),
(82, 10, 'Tennis Club Practice', '2024-04-20 09:00:00', '2024-04-20 11:00:00', 'Tennis Court', 1),
(83, 10, 'Tennis Club Game vs. Opponents', '2024-04-24 15:00:00', '2024-04-24 17:00:00', 'Outdoor Court', 1),
(84, 10, 'Tennis Club Practice', '2024-04-27 09:00:00', '2024-04-27 11:00:00', 'Tennis Court', 1),
(85, 10, 'Tennis Club Game vs. Newcomers', '2024-05-01 15:00:00', '2024-05-01 17:00:00', 'Outdoor Court', 1),
(86, 10, 'Tennis Club Practice', '2024-05-03 09:00:00', '2024-05-03 11:00:00', 'Tennis Court', 1),
(87, 10, 'Tennis Club Game vs. Veterans', '2024-05-08 15:00:00', '2024-05-08 17:00:00', 'Outdoor Court', 1),
(88, 10, 'Tennis Club Practice', '2024-05-10 09:00:00', '2024-05-10 11:00:00', 'Tennis Court', 1),
(89, 10, 'Tennis Club Game vs. All-Stars', '2024-05-15 15:00:00', '2024-05-15 17:00:00', 'Outdoor Court', 1),
(90, 10, 'Tennis Club Practice', '2024-05-17 09:00:00', '2024-05-17 11:00:00', 'Tennis Court', 1),
(91, 11, 'Baseball Club Practice', '2024-04-21 14:00:00', '2024-04-21 16:00:00', 'Baseball Field', 1),
(92, 11, 'Baseball Club Game vs. Rivals', '2024-04-25 18:00:00', '2024-04-25 20:00:00', 'Stadium', 1),
(93, 11, 'Baseball Club Practice', '2024-04-28 14:00:00', '2024-04-28 16:00:00', 'Baseball Field', 1),
(94, 11, 'Baseball Club Game vs. Newcomers', '2024-05-05 14:00:00', '2024-05-05 16:00:00', 'Stadium', 1),
(95, 11, 'Baseball Club Practice', '2024-05-09 14:00:00', '2024-05-09 16:00:00', 'Baseball Field', 1),
(96, 11, 'Baseball Club Game vs. Veterans', '2024-05-12 18:00:00', '2024-05-12 20:00:00', 'Stadium', 1),
(97, 11, 'Baseball Club Practice', '2024-05-16 14:00:00', '2024-05-16 16:00:00', 'Baseball Field', 1),
(98, 11, 'Baseball Club Game vs. All-Stars', '2024-05-19 18:00:00', '2024-05-19 20:00:00', 'Stadium', 1),
(99, 11, 'Baseball Club Practice', '2024-05-23 14:00:00', '2024-05-23 16:00:00', 'Baseball Field', 1),
(100, 12, 'Kappa Kappa Gamma Ritual Ceremony', '2024-04-22 19:00:00', '2024-04-22 21:00:00', 'Chapter House', 1),
(101, 12, 'Kappa Kappa Gamma Philanthropy Event', '2024-04-26 12:00:00', '2024-04-26 14:00:00', 'Community Center', 1),
(102, 12, 'Kappa Kappa Gamma Community Service', '2024-04-30 10:00:00', '2024-04-30 12:00:00', 'Local Park', 1),
(103, 12, 'Kappa Kappa Gamma Philanthropy Event', '2024-05-03 12:00:00', '2024-05-03 14:00:00', 'Community Center', 1),
(104, 12, 'Kappa Kappa Gamma Community Service', '2024-05-07 10:00:00', '2024-05-07 12:00:00', 'Local Park', 1),
(105, 12, 'Kappa Kappa Gamma Ritual Ceremony', '2024-05-11 19:00:00', '2024-05-11 21:00:00', 'Chapter House', 1),
(106, 12, 'Kappa Kappa Gamma Philanthropy Event', '2024-05-15 12:00:00', '2024-05-15 14:00:00', 'Community Center', 1),
(107, 12, 'Kappa Kappa Gamma Community Service', '2024-05-19 10:00:00', '2024-05-19 12:00:00', 'Local Park', 1),
(108, 12, 'Kappa Kappa Gamma Ritual Ceremony', '2024-05-23 19:00:00', '2024-05-23 21:00:00', 'Chapter House', 1),
(109, 13, 'Alpha Chi Omega Ritual Ceremony', '2024-04-23 20:00:00', '2024-04-23 22:00:00', 'Chapter House', 1),
(110, 13, 'Alpha Chi Omega Philanthropy Event', '2024-04-27 12:00:00', '2024-04-27 14:00:00', 'Community Center', 1),
(111, 13, 'Alpha Chi Omega Community Service', '2024-05-01 10:00:00', '2024-05-01 12:00:00', 'Local Park', 1),
(112, 13, 'Alpha Chi Omega Philanthropy Event', '2024-05-04 12:00:00', '2024-05-04 14:00:00', 'Community Center', 1),
(113, 13, 'Alpha Chi Omega Community Service', '2024-05-08 10:00:00', '2024-05-08 12:00:00', 'Local Park', 1),
(114, 13, 'Alpha Chi Omega Ritual Ceremony', '2024-05-12 20:00:00', '2024-05-12 22:00:00', 'Chapter House', 1),
(115, 13, 'Alpha Chi Omega Philanthropy Event', '2024-05-16 12:00:00', '2024-05-16 14:00:00', 'Community Center', 1),
(116, 13, 'Alpha Chi Omega Community Service', '2024-05-20 10:00:00', '2024-05-20 12:00:00', 'Local Park', 1),
(117, 13, 'Alpha Chi Omega Ritual Ceremony', '2024-05-24 20:00:00', '2024-05-24 22:00:00', 'Chapter House', 1),
(118, 14, 'Softball Club Practice', '2024-04-24 11:00:00', '2024-04-24 13:00:00', 'Softball Field', 1),
(119, 14, 'Softball Club Game vs. Competitors', '2024-04-28 16:00:00', '2024-04-28 18:00:00', 'Stadium', 1),
(120, 14, 'Softball Club Practice', '2024-05-01 11:00:00', '2024-05-01 13:00:00', 'Softball Field', 1),
(121, 14, 'Softball Club Game vs. Newcomers', '2024-05-06 16:00:00', '2024-05-06 18:00:00', 'Stadium', 1),
(122, 14, 'Softball Club Practice', '2024-05-10 11:00:00', '2024-05-10 13:00:00', 'Softball Field', 1),
(123, 14, 'Softball Club Game vs. Veterans', '2024-05-13 16:00:00', '2024-05-13 18:00:00', 'Stadium', 1),
(124, 14, 'Softball Club Practice', '2024-05-17 11:00:00', '2024-05-17 13:00:00', 'Softball Field', 1),
(125, 14, 'Softball Club Game vs. All-Stars', '2024-05-20 16:00:00', '2024-05-20 18:00:00', 'Stadium', 1),
(126, 14, 'Softball Club Practice', '2024-05-24 11:00:00', '2024-05-24 13:00:00', 'Softball Field', 1),
(127, 15, 'Swimming Club Practice', '2024-04-25 13:00:00', '2024-04-25 15:00:00', 'Swimming Pool', 1),
(128, 15, 'Swimming Club Game vs. Opponents', '2024-04-29 17:00:00', '2024-04-29 19:00:00', 'Aquatics Center', 1),
(129, 15, 'Swimming Club Practice', '2024-05-02 13:00:00', '2024-05-02 15:00:00', 'Swimming Pool', 1),
(130, 15, 'Swimming Club Game vs. Newcomers', '2024-05-07 13:00:00', '2024-05-07 15:00:00', 'Aquatics Center', 1),
(131, 15, 'Swimming Club Practice', '2024-05-11 13:00:00', '2024-05-11 15:00:00', 'Swimming Pool', 1),
(132, 15, 'Swimming Club Game vs. Veterans', '2024-05-14 17:00:00', '2024-05-14 19:00:00', 'Aquatics Center', 1),
(133, 15, 'Swimming Club Practice', '2024-05-18 13:00:00', '2024-05-18 15:00:00', 'Swimming Pool', 1),
(134, 15, 'Swimming Club Game vs. All-Stars', '2024-05-21 17:00:00', '2024-05-21 19:00:00', 'Aquatics Center', 1),
(135, 15, 'Swimming Club Practice', '2024-05-25 13:00:00', '2024-05-25 15:00:00', 'Swimming Pool', 1),
(136, 16, 'Beta Gamma Sigma Workshop on Finance', '2024-04-26 10:00:00', '2024-04-26 12:00:00', 'Classroom A', 1),
(137, 16, 'Beta Gamma Sigma Workshop on Marketing', '2024-04-27 10:00:00', '2024-04-27 12:00:00', 'Classroom B', 1),
(138, 16, 'Beta Gamma Sigma Workshop on Business Ethics', '2024-04-28 10:00:00', '2024-04-28 12:00:00', 'Classroom C', 1),
(139, 16, 'Beta Gamma Sigma Workshop on Operations', '2024-05-01 10:00:00', '2024-05-01 12:00:00', 'Classroom D', 1),
(140, 16, 'Beta Gamma Sigma Workshop on Leadership', '2024-05-02 10:00:00', '2024-05-02 12:00:00', 'Classroom E', 1),
(141, 16, 'Beta Gamma Sigma Workshop on Business Strategy', '2024-05-03 10:00:00', '2024-05-03 12:00:00', 'Classroom F', 1),
(142, 16, 'Beta Gamma Sigma Workshop on Entrepreneurship', '2024-05-06 10:00:00', '2024-05-06 12:00:00', 'Classroom G', 1),
(143, 16, 'Beta Gamma Sigma Workshop on Finance', '2024-05-07 10:00:00', '2024-05-07 12:00:00', 'Classroom H', 1),
(144, 16, 'Beta Gamma Sigma Workshop on Marketing', '2024-05-08 10:00:00', '2024-05-08 12:00:00', 'Classroom I', 1),
(145, 17, 'Phi Beta Kappa Workshop on Literature', '2024-04-29 14:00:00', '2024-04-29 16:00:00', 'Library', 1),
(146, 17, 'Phi Beta Kappa Workshop on History', '2024-04-30 14:00:00', '2024-04-30 16:00:00', 'Conference Room', 1),
(147, 17, 'Phi Beta Kappa Workshop on Science', '2024-05-01 14:00:00', '2024-05-01 16:00:00', 'Lab', 1),
(148, 17, 'Phi Beta Kappa Workshop on Philosophy', '2024-05-09 14:00:00', '2024-05-09 16:00:00', 'Library', 1),
(149, 17, 'Phi Beta Kappa Workshop on Psychology', '2024-05-10 14:00:00', '2024-05-10 16:00:00', 'Conference Room', 1),
(150, 17, 'Phi Beta Kappa Workshop on Sociology', '2024-05-13 14:00:00', '2024-05-13 16:00:00', 'Lab', 1),
(151, 17, 'Phi Beta Kappa Workshop on Anthropology', '2024-05-14 14:00:00', '2024-05-14 16:00:00', 'Library', 1),
(152, 17, 'Phi Beta Kappa Workshop on Literature', '2024-05-15 14:00:00', '2024-05-15 16:00:00', 'Conference Room', 1),
(153, 17, 'Phi Beta Kappa Workshop on History', '2024-05-16 14:00:00', '2024-05-16 16:00:00', 'Lab', 1),
(154, 18, 'Hockey Club Practice', '2024-04-30 11:00:00', '2024-04-30 13:00:00', 'Ice Rink', 1),
(155, 18, 'Hockey Club Game vs. Competitors', '2024-05-03 16:00:00', '2024-05-03 18:00:00', 'Stadium', 1),
(156, 18, 'Hockey Club Practice', '2024-05-07 11:00:00', '2024-05-07 13:00:00', 'Ice Rink', 1),
(157, 18, 'Hockey Club Game vs. Newcomers', '2024-05-10 16:00:00', '2024-05-10 18:00:00', 'Stadium', 1),
(158, 18, 'Hockey Club Practice', '2024-05-14 11:00:00', '2024-05-14 13:00:00', 'Ice Rink', 1),
(159, 18, 'Hockey Club Game vs. Veterans', '2024-05-17 16:00:00', '2024-05-17 18:00:00', 'Stadium', 1),
(160, 18, 'Hockey Club Practice', '2024-05-21 11:00:00', '2024-05-21 13:00:00', 'Ice Rink', 1),
(161, 18, 'Hockey Club Game vs. All-Stars', '2024-05-24 16:00:00', '2024-05-24 18:00:00', 'Stadium', 1),
(162, 18, 'Hockey Club Practice', '2024-05-28 11:00:00', '2024-05-28 13:00:00', 'Ice Rink', 1),
(163, 19, 'Golf Club Practice', '2024-05-01 14:00:00', '2024-05-01 16:00:00', 'Golf Course', 1),
(164, 19, 'Golf Club Tournament', '2024-05-04 08:00:00', '2024-05-04 16:00:00', 'Country Club', 1),
(165, 19, 'Golf Club Practice', '2024-05-08 14:00:00', '2024-05-08 16:00:00', 'Golf Course', 1),
(166, 19, 'Golf Club Tournament', '2024-05-11 08:00:00', '2024-05-11 16:00:00', 'Country Club', 1),
(167, 19, 'Golf Club Practice', '2024-05-15 14:00:00', '2024-05-15 16:00:00', 'Golf Course', 1),
(168, 19, 'Golf Club Tournament', '2024-05-18 08:00:00', '2024-05-18 16:00:00', 'Country Club', 1),
(169, 19, 'Golf Club Practice', '2024-05-22 14:00:00', '2024-05-22 16:00:00', 'Golf Course', 1),
(170, 19, 'Golf Club Tournament', '2024-05-25 08:00:00', '2024-05-25 16:00:00', 'Country Club', 1),
(171, 19, 'Golf Club Practice', '2024-05-29 14:00:00', '2024-05-29 16:00:00', 'Golf Course', 1),
(172, 20, 'Alpha Psi Omega Drama Workshop', '2024-06-02 15:00:00', '2024-06-02 17:00:00', 'Theater', 1),
(173, 20, 'Alpha Psi Omega Play Performance', '2024-06-05 19:00:00', '2024-06-05 21:00:00', 'Auditorium', 1),
(174, 20, 'Alpha Psi Omega Drama Workshop', '2024-06-09 15:00:00', '2024-06-09 17:00:00', 'Theater', 1),
(175, 20, 'Alpha Psi Omega Drama Workshop', '2024-06-12 15:00:00', '2024-06-12 17:00:00', 'Theater', 1),
(176, 20, 'Alpha Psi Omega Play Performance', '2024-06-15 19:00:00', '2024-06-15 21:00:00', 'Auditorium', 1),
(177, 20, 'Alpha Psi Omega Drama Workshop', '2024-06-19 15:00:00', '2024-06-19 17:00:00', 'Theater', 1),
(178, 20, 'Alpha Psi Omega Play Performance', '2024-06-22 19:00:00', '2024-06-22 21:00:00', 'Auditorium', 1),
(179, 20, 'Alpha Psi Omega Drama Workshop', '2024-06-26 15:00:00', '2024-06-26 17:00:00', 'Theater', 1),
(180, 20, 'Alpha Psi Omega Play Performance', '2024-06-29 19:00:00', '2024-06-29 21:00:00', 'Auditorium', 1),
(181, 21, 'Sigma Tau Delta Poetry Workshop', '2024-06-03 16:00:00', '2024-06-03 18:00:00', 'Classroom A', 1),
(182, 21, 'Sigma Tau Delta Fiction Workshop', '2024-06-06 16:00:00', '2024-06-06 18:00:00', 'Classroom B', 1),
(183, 21, 'Sigma Tau Delta Poetry Workshop', '2024-06-10 16:00:00', '2024-06-10 18:00:00', 'Classroom A', 1),
(184, 21, 'Sigma Tau Delta Fiction Workshop', '2024-06-13 16:00:00', '2024-06-13 18:00:00', 'Classroom C', 1),
(185, 21, 'Sigma Tau Delta Poetry Workshop', '2024-06-16 16:00:00', '2024-06-16 18:00:00', 'Classroom D', 1),
(186, 21, 'Sigma Tau Delta Fiction Workshop', '2024-06-20 16:00:00', '2024-06-20 18:00:00', 'Classroom E', 1),
(187, 21, 'Sigma Tau Delta Poetry Workshop', '2024-06-23 16:00:00', '2024-06-23 18:00:00', 'Classroom F', 1),
(188, 21, 'Sigma Tau Delta Fiction Workshop', '2024-06-27 16:00:00', '2024-06-27 18:00:00', 'Classroom G', 1),
(189, 21, 'Sigma Tau Delta Poetry Workshop', '2024-06-30 16:00:00', '2024-06-30 18:00:00', 'Classroom H', 1),
(190, 22, 'History Club Lecture on Ancient History', '2024-06-04 12:00:00', '2024-06-04 14:00:00', 'History Building', 1),
(191, 22, 'History Club Field Trip to Museum', '2024-06-07 10:00:00', '2024-06-07 12:00:00', 'Local Museum', 1),
(192, 22, 'History Club Lecture on Modern History', '2024-06-11 12:00:00', '2024-06-11 14:00:00', 'History Building', 1),
(193, 22, 'History Club Lecture on Ancient History', '2024-06-14 12:00:00', '2024-06-14 14:00:00', 'History Building', 1),
(194, 22, 'History Club Field Trip to Historical Site', '2024-06-17 10:00:00', '2024-06-17 12:00:00', 'Local Historical Site', 1),
(195, 22, 'History Club Lecture on World History', '2024-06-21 12:00:00', '2024-06-21 14:00:00', 'History Building', 1),
(196, 22, 'History Club Field Trip to Archeological Site', '2024-06-24 10:00:00', '2024-06-24 12:00:00', 'Archeological Site', 1),
(197, 22, 'History Club Lecture on European History', '2024-06-28 12:00:00', '2024-06-28 14:00:00', 'History Building', 1),
(198, 22, 'History Club Field Trip to Historical Museum', '2024-07-01 10:00:00', '2024-07-01 12:00:00', 'Local Historical Museum', 1),
(199, 23, 'Literature Club Book Discussion', '2024-06-06 13:00:00', '2024-06-06 15:00:00', 'Library', 1),
(200, 23, 'Literature Club Poetry Reading', '2024-06-09 13:00:00', '2024-06-09 15:00:00', 'Cafeteria', 1),
(201, 23, 'Literature Club Book Discussion', '2024-06-13 13:00:00', '2024-06-13 15:00:00', 'Library', 1),
(202, 23, 'Literature Club Poetry Workshop', '2024-06-14 14:00:00', '2024-06-14 16:00:00', 'Library', 1),
(203, 23, 'Literature Club Short Story Reading', '2024-06-17 14:00:00', '2024-06-17 16:00:00', 'Cafeteria', 1),
(204, 23, 'Literature Club Poetry Workshop', '2024-06-21 14:00:00', '2024-06-21 16:00:00', 'Library', 1),
(205, 23, 'Literature Club Short Story Reading', '2024-06-24 14:00:00', '2024-06-24 16:00:00', 'Cafeteria', 1),
(206, 23, 'Literature Club Poetry Workshop', '2024-06-28 14:00:00', '2024-06-28 16:00:00', 'Library', 1),
(207, 23, 'Literature Club Short Story Reading', '2024-07-01 14:00:00', '2024-07-01 16:00:00', 'Cafeteria', 1),
(208, 24, 'Math Club Problem-Solving Workshop', '2024-06-07 10:00:00', '2024-06-07 12:00:00', 'Math Building', 1),
(209, 24, 'Math Club Quiz Competition', '2024-06-10 10:00:00', '2024-06-10 12:00:00', 'Auditorium', 1),
(210, 24, 'Math Club Problem-Solving Workshop', '2024-06-14 10:00:00', '2024-06-14 12:00:00', 'Math Building', 1),
(211, 24, 'Math Club Problem-Solving Workshop', '2024-06-15 10:00:00', '2024-06-15 12:00:00', 'Math Building', 1),
(212, 24, 'Math Club Quiz Competition', '2024-06-18 10:00:00', '2024-06-18 12:00:00', 'Auditorium', 1),
(213, 24, 'Math Club Problem-Solving Workshop', '2024-06-22 10:00:00', '2024-06-22 12:00:00', 'Math Building', 1),
(214, 24, 'Math Club Quiz Competition', '2024-06-25 10:00:00', '2024-06-25 12:00:00', 'Auditorium', 1),
(215, 24, 'Math Club Problem-Solving Workshop', '2024-06-29 10:00:00', '2024-06-29 12:00:00', 'Math Building', 1),
(216, 24, 'Math Club Quiz Competition', '2024-07-02 10:00:00', '2024-07-02 12:00:00', 'Auditorium', 1),
(217, 25, 'Physics Club Lab Experiment', '2024-06-11 14:00:00', '2024-06-11 16:00:00', 'Physics Lab', 1),
(218, 25, 'Physics Club Seminar on Astrophysics', '2024-06-14 14:00:00', '2024-06-14 16:00:00', 'Lecture Hall', 1),
(219, 25, 'Physics Club Lab Experiment', '2024-06-18 14:00:00', '2024-06-18 16:00:00', 'Physics Lab', 1),
(220, 25, 'Physics Club Lab Experiment', '2024-06-19 14:00:00', '2024-06-19 16:00:00', 'Physics Lab', 1),
(221, 25, 'Physics Club Seminar on Quantum Mechanics', '2024-06-22 14:00:00', '2024-06-22 16:00:00', 'Lecture Hall', 1),
(222, 25, 'Physics Club Lab Experiment', '2024-06-26 14:00:00', '2024-06-26 16:00:00', 'Physics Lab', 1),
(223, 25, 'Physics Club Seminar on Relativity', '2024-06-29 14:00:00', '2024-06-29 16:00:00', 'Lecture Hall', 1),
(224, 25, 'Physics Club Lab Experiment', '2024-07-03 14:00:00', '2024-07-03 16:00:00', 'Physics Lab', 1),
(225, 26, 'Chemistry Club Chemical Analysis Workshop', '2024-06-12 15:00:00', '2024-06-12 17:00:00', 'Chemistry Lab', 1),
(226, 26, 'Chemistry Club Lab Experiment', '2024-06-15 15:00:00', '2024-06-15 17:00:00', 'Lab A', 1),
(227, 26, 'Chemistry Club Chemical Analysis Workshop', '2024-06-19 15:00:00', '2024-06-19 17:00:00', 'Chemistry Lab', 1),
(228, 26, 'Chemistry Club Chemical Synthesis Workshop', '2024-06-20 15:00:00', '2024-06-20 17:00:00', 'Chemistry Lab', 1),
(229, 26, 'Chemistry Club Lab Experiment', '2024-06-23 15:00:00', '2024-06-23 17:00:00', 'Lab A', 1),
(230, 26, 'Chemistry Club Chemical Synthesis Workshop', '2024-06-27 15:00:00', '2024-06-27 17:00:00', 'Chemistry Lab', 1),
(231, 26, 'Chemistry Club Lab Experiment', '2024-06-30 15:00:00', '2024-06-30 17:00:00', 'Lab A', 1),
(232, 26, 'Chemistry Club Chemical Synthesis Workshop', '2024-07-03 15:00:00', '2024-07-03 17:00:00', 'Chemistry Lab', 1),
(233, 27, 'Biology Club Field Trip to Botanical Garden', '2024-06-13 13:00:00', '2024-06-13 15:00:00', 'Botanical Garden', 1),
(234, 27, 'Biology Club Lab Experiment', '2024-06-16 13:00:00', '2024-06-16 15:00:00', 'Lab B', 1),
(235, 27, 'Biology Club Field Trip to Zoo', '2024-06-20 13:00:00', '2024-06-20 15:00:00', 'Local Zoo', 1),
(236, 27, 'Biology Club Field Trip to Botanical Reserve', '2024-06-21 13:00:00', '2024-06-21 15:00:00', 'Botanical Reserve', 1),
(237, 27, 'Biology Club Lab Experiment', '2024-06-24 13:00:00', '2024-06-24 15:00:00', 'Lab B', 1),
(238, 27, 'Biology Club Field Trip to Wildlife Sanctuary', '2024-06-28 13:00:00', '2024-06-28 15:00:00', 'Wildlife Sanctuary', 1),
(239, 27, 'Biology Club Lab Experiment', '2024-07-01 13:00:00', '2024-07-01 15:00:00', 'Lab B', 1),
(240, 27, 'Biology Club Field Trip to Conservation Center', '2024-07-04 13:00:00', '2024-07-04 15:00:00', 'Conservation Center', 1),
(241, 28, 'Environmental Science Club Recycling Campaign', '2024-06-14 12:00:00', '2024-06-14 14:00:00', 'Campus Grounds', 1),
(242, 28, 'Environmental Science Club Nature Walk', '2024-06-17 12:00:00', '2024-06-17 14:00:00', 'Local Park', 1),
(243, 28, 'Environmental Science Club Beach Cleanup', '2024-06-21 12:00:00', '2024-06-21 14:00:00', 'Beach', 1),
(244, 28, 'Environmental Science Club Sustainability Workshop', '2024-06-22 12:00:00', '2024-06-22 14:00:00', 'Campus Grounds', 1),
(245, 28, 'Environmental Science Club Beach Cleanup', '2024-06-25 12:00:00', '2024-06-25 14:00:00', 'Beach', 1),
(246, 28, 'Environmental Science Club Nature Exploration', '2024-06-29 12:00:00', '2024-06-29 14:00:00', 'Local Park', 1),
(247, 28, 'Environmental Science Club Recycling Campaign', '2024-07-02 12:00:00', '2024-07-02 14:00:00', 'Campus Grounds', 1),
(248, 28, 'Environmental Science Club Beach Cleanup', '2024-07-05 12:00:00', '2024-07-05 14:00:00', 'Beach', 1),
(249, 29, 'Business Club Networking Mixer', '2024-05-11 11:00:00', '2024-05-11 13:00:00', 'Conference Center', 1),
(250, 29, 'Business Club Seminar on Entrepreneurship', '2024-05-14 11:00:00', '2024-05-14 13:00:00', 'Lecture Hall', 1),
(251, 29, 'Business Club Networking Mixer', '2024-05-18 11:00:00', '2024-05-18 13:00:00', 'Conference Center', 1),
(252, 29, 'Business Club Workshop on Financial Planning', '2024-05-19 11:00:00', '2024-05-19 13:00:00', 'Conference Center', 1),
(253, 29, 'Business Club Networking Mixer', '2024-05-22 11:00:00', '2024-05-22 13:00:00', 'Conference Center', 1),
(254, 29, 'Business Club Workshop on Market Analysis', '2024-05-26 11:00:00', '2024-05-26 13:00:00', 'Lecture Hall', 1),
(255, 29, 'Business Club Networking Mixer', '2024-05-29 11:00:00', '2024-05-29 13:00:00', 'Conference Center', 1),
(256, 29, 'Business Club Workshop on Business Communication', '2024-06-02 11:00:00', '2024-06-02 13:00:00', 'Lecture Hall', 1),
(257, 29, 'Business Club Networking Mixer', '2024-06-05 11:00:00', '2024-06-05 13:00:00', 'Conference Center', 1),
(258, 30, 'Marketing Club Workshop on Digital Marketing', '2024-05-12 10:00:00', '2024-05-12 12:00:00', 'Classroom A', 1),
(259, 30, 'Marketing Club Workshop on Branding', '2024-05-15 10:00:00', '2024-05-15 12:00:00', 'Classroom B', 1),
(260, 30, 'Marketing Club Workshop on Market Research', '2024-05-19 10:00:00', '2024-05-19 12:00:00', 'Classroom C', 1),
(261, 30, 'Marketing Club Workshop on Social Media Marketing', '2024-05-20 10:00:00', '2024-05-20 12:00:00', 'Classroom D', 1),
(262, 30, 'Marketing Club Workshop on Content Creation', '2024-05-23 10:00:00', '2024-05-23 12:00:00', 'Classroom E', 1),
(263, 30, 'Marketing Club Workshop on Email Marketing', '2024-05-27 10:00:00', '2024-05-27 12:00:00', 'Classroom F', 1),
(264, 30, 'Marketing Club Workshop on SEO', '2024-05-30 10:00:00', '2024-05-30 12:00:00', 'Classroom G', 1),
(265, 30, 'Marketing Club Workshop on Paid Advertising', '2024-06-03 10:00:00', '2024-06-03 12:00:00', 'Classroom H', 1),
(266, 30, 'Marketing Club Workshop on Brand Partnerships', '2024-06-06 10:00:00', '2024-06-06 12:00:00', 'Classroom I', 1),
(267, 31, 'Finance Club Investment Seminar', '2024-05-13 14:00:00', '2024-05-13 16:00:00', 'Finance Building', 1),
(268, 31, 'Finance Club Stock Market Simulation', '2024-05-16 14:00:00', '2024-05-16 16:00:00', 'Computer Lab', 1),
(269, 31, 'Finance Club Investment Seminar', '2024-05-20 14:00:00', '2024-05-20 16:00:00', 'Finance Building', 1),
(270, 31, 'Finance Club Investment Workshop', '2024-05-24 14:00:00', '2024-05-24 16:00:00', 'Finance Building', 1),
(271, 31, 'Finance Club Portfolio Management Seminar', '2024-05-27 14:00:00', '2024-05-27 16:00:00', 'Conference Room', 1),
(272, 31, 'Finance Club Investment Workshop', '2024-05-31 14:00:00', '2024-05-31 16:00:00', 'Finance Building', 1),
(273, 31, 'Finance Club Financial Modeling Workshop', '2024-06-03 14:00:00', '2024-06-03 16:00:00', 'Computer Lab', 1),
(274, 31, 'Finance Club Guest Speaker Event', '2024-06-06 14:00:00', '2024-06-06 16:00:00', 'Lecture Hall', 1),
(275, 31, 'Finance Club Networking Event', '2024-06-09 14:00:00', '2024-06-09 16:00:00', 'Cafeteria', 1),
(276, 32, 'Art Club Painting Workshop', '2024-05-14 15:00:00', '2024-05-14 17:00:00', 'Art Studio', 1),
(277, 32, 'Art Club Exhibition', '2024-05-17 15:00:00', '2024-05-17 17:00:00', 'Gallery', 1),
(278, 32, 'Art Club Painting Workshop', '2024-05-21 15:00:00', '2024-05-21 17:00:00', 'Art Studio', 1),
(279, 32, 'Art Club Sculpture Workshop', '2024-05-24 15:00:00', '2024-05-24 17:00:00', 'Art Studio', 1),
(280, 32, 'Art Club Art Exhibition', '2024-05-27 15:00:00', '2024-05-27 17:00:00', 'Gallery', 1),
(281, 32, 'Art Club Sculpture Workshop', '2024-05-31 15:00:00', '2024-05-31 17:00:00', 'Art Studio', 1),
(282, 32, 'Art Club Painting Masterclass', '2024-06-03 15:00:00', '2024-06-03 17:00:00', 'Art Studio', 1),
(283, 32, 'Art Club Photography Exhibition', '2024-06-06 15:00:00', '2024-06-06 17:00:00', 'Gallery', 1),
(284, 32, 'Art Club Street Art Workshop', '2024-06-09 15:00:00', '2024-06-09 17:00:00', 'City Center', 1),
(285, 33, 'Music Club Band Practice', '2024-05-15 16:00:00', '2024-05-15 18:00:00', 'Music Room', 1),
(286, 33, 'Music Club Concert', '2024-05-18 19:00:00', '2024-05-18 21:00:00', 'Auditorium', 1),
(287, 33, 'Music Club Band Practice', '2024-05-22 16:00:00', '2024-05-22 18:00:00', 'Music Room', 1),
(288, 33, 'Music Club Choir Practice', '2024-05-25 16:00:00', '2024-05-25 18:00:00', 'Music Room', 1),
(289, 33, 'Music Club Orchestra Concert', '2024-05-28 19:00:00', '2024-05-28 21:00:00', 'Auditorium', 1),
(290, 33, 'Music Club Choir Practice', '2024-06-01 16:00:00', '2024-06-01 18:00:00', 'Music Room', 1),
(291, 33, 'Music Club Jazz Night', '2024-06-04 19:00:00', '2024-06-04 21:00:00', 'Jazz Club', 1),
(292, 33, 'Music Club Acoustic Jam Session', '2024-06-07 16:00:00', '2024-06-07 18:00:00', 'Music Room', 1),
(293, 33, 'Music Club Piano Recital', '2024-06-10 19:00:00', '2024-06-10 21:00:00', 'Concert Hall', 1),
(294, 34, 'Drama Club Rehearsal', '2024-05-16 17:00:00', '2024-05-16 19:00:00', 'Theater', 1),
(295, 34, 'Drama Club Play Performance', '2024-05-19 19:00:00', '2024-05-19 21:00:00', 'Auditorium', 1),
(296, 34, 'Drama Club Rehearsal', '2024-05-23 17:00:00', '2024-05-23 19:00:00', 'Theater', 1),
(297, 34, 'Drama Club Dress Rehearsal', '2024-05-25 17:00:00', '2024-05-25 19:00:00', 'Theater', 1),
(298, 34, 'Drama Club Play Performance', '2024-05-28 19:00:00', '2024-05-28 21:00:00', 'Auditorium', 1),
(299, 34, 'Drama Club Dress Rehearsal', '2024-06-01 17:00:00', '2024-06-01 19:00:00', 'Theater', 1),
(300, 34, 'Drama Club Improv Night', '2024-06-04 19:00:00', '2024-06-04 21:00:00', 'Comedy Club', 1),
(301, 34, 'Drama Club Play Performance', '2024-06-07 19:00:00', '2024-06-07 21:00:00', 'Black Box Theater', 1),
(302, 34, 'Drama Club Dress Rehearsal', '2024-06-10 17:00:00', '2024-06-10 19:00:00', 'Theater', 1),
(303, 35, 'Dance Club Practice', '2024-05-17 11:00:00', '2024-05-17 13:00:00', 'Dance Studio', 1),
(304, 35, 'Dance Club Performance', '2024-05-20 18:00:00', '2024-05-20 20:00:00', 'Auditorium', 1),
(305, 35, 'Dance Club Practice', '2024-05-24 11:00:00', '2024-05-24 13:00:00', 'Dance Studio', 1),
(306, 35, 'Dance Club Choreography Practice', '2024-05-26 11:00:00', '2024-05-26 13:00:00', 'Dance Studio', 1),
(307, 35, 'Dance Club Showcase', '2024-05-29 18:00:00', '2024-05-29 20:00:00', 'Auditorium', 1),
(308, 35, 'Dance Club Choreography Practice', '2024-06-02 11:00:00', '2024-06-02 13:00:00', 'Dance Studio', 1),
(309, 35, 'Dance Club Flash Mob Event', '2024-06-05 18:00:00', '2024-06-05 20:00:00', 'City Center', 1),
(310, 35, 'Dance Club Contemporary Dance Workshop', '2024-06-08 11:00:00', '2024-06-08 13:00:00', 'Dance Studio', 1),
(311, 35, 'Dance Club Showcase', '2024-06-11 18:00:00', '2024-06-11 20:00:00', 'Auditorium', 1),
(312, 36, 'Debate Club Practice', '2024-05-18 13:00:00', '2024-05-18 15:00:00', 'Debate Hall', 1),
(313, 36, 'Debate Club Tournament', '2024-05-21 16:00:00', '2024-05-21 18:00:00', 'Auditorium', 1),
(314, 36, 'Debate Club Practice', '2024-05-25 13:00:00', '2024-05-25 15:00:00', 'Debate Hall', 1),
(315, 36, 'Debate Club Practice Debate', '2024-05-27 13:00:00', '2024-05-27 15:00:00', 'Debate Hall', 1),
(316, 36, 'Debate Club Regional Tournament', '2024-05-30 16:00:00', '2024-05-30 18:00:00', 'Auditorium', 1),
(317, 36, 'Debate Club Practice Debate', '2024-06-03 13:00:00', '2024-06-03 15:00:00', 'Debate Hall', 1),
(318, 36, 'Debate Club Public Speaking Workshop', '2024-06-06 13:00:00', '2024-06-06 15:00:00', 'Classroom A', 1),
(319, 36, 'Debate Club Regional Tournament', '2024-06-09 16:00:00', '2024-06-09 18:00:00', 'Auditorium', 1),
(320, 36, 'Debate Club Practice Debate', '2024-06-12 13:00:00', '2024-06-12 15:00:00', 'Debate Hall', 1),
(321, 37, 'Chess Club Tournament', '2024-05-19 09:00:00', '2024-05-19 17:00:00', 'Chess Room', 1),
(322, 37, 'Chess Club Workshop', '2024-05-22 09:00:00', '2024-05-22 11:00:00', 'Classroom A', 1),
(323, 37, 'Chess Club Tournament', '2024-05-26 09:00:00', '2024-05-26 17:00:00', 'Chess Room', 1),
(324, 37, 'Chess Club Speed Chess Tournament', '2024-05-28 09:00:00', '2024-05-28 17:00:00', 'Chess Room', 1),
(325, 37, 'Chess Club Strategy Workshop', '2024-05-31 09:00:00', '2024-05-31 11:00:00', 'Classroom A', 1),
(326, 37, 'Chess Club Speed Chess Tournament', '2024-06-03 09:00:00', '2024-06-03 17:00:00', 'Chess Room', 1),
(327, 37, 'Chess Club Chess Tactics Seminar', '2024-06-06 09:00:00', '2024-06-06 11:00:00', 'Classroom B', 1),
(328, 37, 'Chess Club Speed Chess Tournament', '2024-06-10 09:00:00', '2024-06-10 17:00:00', 'Chess Room', 1),
(329, 37, 'Chess Club Blitz Chess Workshop', '2024-06-13 09:00:00', '2024-06-13 11:00:00', 'Classroom C', 1),
(330, 38, 'Language Club Cultural Exchange', '2024-05-20 15:00:00', '2024-05-20 17:00:00', 'Language Lab', 1),
(331, 38, 'Language Club Language Workshop', '2024-05-23 15:00:00', '2024-05-23 17:00:00', 'Classroom B', 1),
(332, 38, 'Language Club Cultural Exchange', '2024-05-27 15:00:00', '2024-05-27 17:00:00', 'Language Lab', 1),
(333, 38, 'Language Club International Movie Night', '2024-05-28 15:00:00', '2024-05-28 17:00:00', 'Language Lab', 1),
(334, 38, 'Language Club Language Exchange', '2024-05-31 15:00:00', '2024-05-31 17:00:00', 'Classroom B', 1),
(335, 38, 'Language Club International Movie Night', '2024-06-03 15:00:00', '2024-06-03 17:00:00', 'Language Lab', 1),
(336, 38, 'Language Club Linguistic Workshop', '2024-06-06 15:00:00', '2024-06-06 17:00:00', 'Classroom C', 1),
(337, 38, 'Language Club Language Exchange', '2024-06-10 15:00:00', '2024-06-10 17:00:00', 'Language Lab', 1),
(338, 38, 'Language Club International Food Festival', '2024-06-13 15:00:00', '2024-06-13 17:00:00', 'Cafeteria', 1),
(339, 37, 'Delta Delta Delta Ritual 4', '2024-06-13 09:00:00', '2024-06-13 11:00:00', 'Classroom C', 1),
(340, 38, 'Delta Delta Delta Ritual 5', '2024-05-20 15:00:00', '2024-05-20 17:00:00', 'Language Lab', 1),
(341, 38, 'Delta Delta Delta Ritual 6', '2024-05-23 15:00:00', '2024-05-23 17:00:00', 'Classroom B', 1),
(342, 38, 'Delta Delta Delta Philanthropy 4', '2024-05-27 15:00:00', '2024-05-27 17:00:00', 'Language Lab', 1),
(343, 38, 'Delta Delta Delta Philanthropy 5', '2024-05-28 15:00:00', '2024-05-28 17:00:00', 'Language Lab', 1),
(344, 38, 'Delta Delta Delta Philanthropy 6', '2024-05-31 15:00:00', '2024-05-31 17:00:00', 'Classroom B', 1),
(345, 38, 'Delta Delta Delta Philanthropy 7', '2024-06-03 15:00:00', '2024-06-03 17:00:00', 'Language Lab', 1),
(346, 38, 'Delta Delta Delta Philanthropy 8', '2024-06-06 15:00:00', '2024-06-06 17:00:00', 'Classroom C', 1),
(347, 38, 'Delta Delta Delta Philanthropy 9', '2024-06-10 15:00:00', '2024-06-10 17:00:00', 'Language Lab', 1),
(348, 38, 'Roller Hockey Fundraising Meeting', '2024-06-13 15:00:00', '2024-06-13 17:00:00', 'Cafeteria', 1),
(349, 1, 'Roller Hockey Club Meeting 1', '2024-08-22 15:00:00', '2024-08-22 17:00:00', 'Hockey Arena', 1),
(350, 1, 'Roller Hockey Club Meeting 2', '2024-08-23 18:00:00', '2024-08-23 20:00:00', 'Hockey Arena', 1),
(351, 2, 'Basketball Club Meeting 1', '2024-08-24 14:00:00', '2024-08-24 16:00:00', 'Basketball Court', 1),
(352, 2, 'Basketball Club Meeting 2', '2024-08-25 17:00:00', '2024-08-25 19:00:00', 'Basketball Court', 1),
(353, 3, 'Football Club Meeting 1', '2024-08-26 15:00:00', '2024-08-26 17:00:00', 'Football Field', 1),
(354, 3, 'Football Club Meeting 2', '2024-08-27 18:00:00', '2024-08-27 20:00:00', 'Football Field', 1),
(355, 4, 'Alpha Beta Gamma Meeting 1', '2024-08-28 14:00:00', '2024-08-28 16:00:00', 'Fraternity House', 1),
(356, 4, 'Alpha Beta Gamma Meeting 2', '2024-08-29 17:00:00', '2024-08-29 19:00:00', 'Fraternity House', 1),
(357, 5, 'Delta Sigma Phi Meeting 1', '2024-08-30 15:00:00', '2024-08-30 17:00:00', 'Fraternity House', 1),
(358, 5, 'Delta Sigma Phi Meeting 2', '2024-08-31 18:00:00', '2024-08-31 20:00:00', 'Fraternity House', 1),
(359, 6, 'Volleyball Club Meeting 1', '2024-09-01 15:00:00', '2024-09-01 17:00:00', 'Volleyball Court', 1),
(360, 6, 'Volleyball Club Meeting 2', '2024-09-02 18:00:00', '2024-09-02 20:00:00', 'Volleyball Court', 1),
(361, 7, 'Soccer Club Meeting 1', '2024-09-03 14:00:00', '2024-09-03 16:00:00', 'Soccer Field', 1),
(362, 7, 'Soccer Club Meeting 2', '2024-09-04 17:00:00', '2024-09-04 19:00:00', 'Soccer Field', 1),
(363, 8, 'Alpha Phi Meeting 1', '2024-09-05 15:00:00', '2024-09-05 17:00:00', 'Sorority House', 1),
(364, 8, 'Alpha Phi Meeting 2', '2024-09-06 18:00:00', '2024-09-06 20:00:00', 'Sorority House', 1),
(365, 9, 'Delta Delta Delta Meeting 1', '2024-09-07 14:00:00', '2024-09-07 16:00:00', 'Sorority House', 1),
(366, 9, 'Delta Delta Delta Meeting 2', '2024-09-08 17:00:00', '2024-09-08 19:00:00', 'Sorority House', 1),
(367, 10, 'Tennis Club Meeting 1', '2024-09-09 15:00:00', '2024-09-09 17:00:00', 'Tennis Court', 1),
(368, 10, 'Tennis Club Meeting 2', '2024-09-10 18:00:00', '2024-09-10 20:00:00', 'Tennis Court', 1),
(369, 11, 'Baseball Club Meeting 1', '2024-09-11 14:00:00', '2024-09-11 16:00:00', 'Baseball Field', 1),
(370, 11, 'Baseball Club Meeting 2', '2024-09-12 17:00:00', '2024-09-12 19:00:00', 'Baseball Field', 1),
(371, 12, 'Kappa Kappa Gamma Meeting 1', '2024-09-13 15:00:00', '2024-09-13 17:00:00', 'Sorority House', 1),
(372, 12, 'Kappa Kappa Gamma Meeting 2', '2024-09-14 18:00:00', '2024-09-14 20:00:00', 'Sorority House', 1),
(373, 13, 'Alpha Chi Omega Meeting 1', '2024-09-15 14:00:00', '2024-09-15 16:00:00', 'Sorority House', 1),
(374, 13, 'Alpha Chi Omega Meeting 2', '2024-09-16 17:00:00', '2024-09-16 19:00:00', 'Sorority House', 1),
(375, 14, 'Softball Club Meeting 1', '2024-09-17 15:00:00', '2024-09-17 17:00:00', 'Softball Field', 1),
(376, 14, 'Softball Club Meeting 2', '2024-09-18 18:00:00', '2024-09-18 20:00:00', 'Softball Field', 1),
(377, 15, 'Swimming Club Meeting 1', '2024-09-19 14:00:00', '2024-09-19 16:00:00', 'Swimming Pool', 1),
(378, 15, 'Swimming Club Meeting 2', '2024-09-20 17:00:00', '2024-09-20 19:00:00', 'Swimming Pool', 1),
(379, 16, 'Beta Gamma Sigma Meeting 1', '2024-09-21 15:00:00', '2024-09-21 17:00:00', 'Classroom A', 1),
(380, 16, 'Beta Gamma Sigma Meeting 2', '2024-09-22 18:00:00', '2024-09-22 20:00:00', 'Classroom A', 1),
(381, 17, 'Phi Beta Kappa Meeting 1', '2024-09-23 14:00:00', '2024-09-23 16:00:00', 'Classroom B', 1),
(382, 17, 'Phi Beta Kappa Meeting 2', '2024-09-24 17:00:00', '2024-09-24 19:00:00', 'Classroom B', 1),
(383, 18, 'Hockey Club Meeting 1', '2024-09-25 15:00:00', '2024-09-25 17:00:00', 'Hockey Arena', 1),
(384, 18, 'Hockey Club Meeting 2', '2024-09-26 18:00:00', '2024-09-26 20:00:00', 'Hockey Arena', 1),
(385, 19, 'Golf Club Meeting 1', '2024-09-27 14:00:00', '2024-09-27 16:00:00', 'Golf Course', 1),
(386, 19, 'Golf Club Meeting 2', '2024-09-28 17:00:00', '2024-09-28 19:00:00', 'Golf Course', 1),
(387, 20, 'Alpha Psi Omega Meeting 1', '2024-09-29 15:00:00', '2024-09-29 17:00:00', 'Theater', 1),
(388, 20, 'Alpha Psi Omega Meeting 2', '2024-09-30 18:00:00', '2024-09-30 20:00:00', 'Theater', 1),
(389, 21, 'Sigma Tau Delta Meeting 1', '2024-10-01 14:00:00', '2024-10-01 16:00:00', 'Library', 1),
(390, 21, 'Sigma Tau Delta Meeting 2', '2024-10-02 17:00:00', '2024-10-02 19:00:00', 'Library', 1),
(391, 22, 'History Club Meeting 1', '2024-10-03 15:00:00', '2024-10-03 17:00:00', 'Classroom C', 1),
(392, 22, 'History Club Meeting 2', '2024-10-04 18:00:00', '2024-10-04 20:00:00', 'Classroom C', 1),
(393, 23, 'Literature Club Meeting 1', '2024-10-05 14:00:00', '2024-10-05 16:00:00', 'Library', 1),
(394, 23, 'Literature Club Meeting 2', '2024-10-06 17:00:00', '2024-10-06 19:00:00', 'Library', 1),
(395, 24, 'Math Club Meeting 1', '2024-10-07 15:00:00', '2024-10-07 17:00:00', 'Classroom D', 1),
(396, 24, 'Math Club Meeting 2', '2024-10-08 18:00:00', '2024-10-08 20:00:00', 'Classroom D', 1),
(397, 25, 'Physics Club Meeting 1', '2024-10-09 14:00:00', '2024-10-09 16:00:00', 'Physics Lab', 1),
(398, 25, 'Physics Club Meeting 2', '2024-10-10 17:00:00', '2024-10-10 19:00:00', 'Physics Lab', 1),
(399, 26, 'Chemistry Club Meeting 1', '2024-10-11 15:00:00', '2024-10-11 17:00:00', 'Chemistry Lab', 1),
(400, 26, 'Chemistry Club Meeting 2', '2024-10-12 18:00:00', '2024-10-12 20:00:00', 'Chemistry Lab', 1),
(401, 27, 'Biology Club Meeting 1', '2024-10-13 14:00:00', '2024-10-13 16:00:00', 'Biology Lab', 1),
(402, 27, 'Biology Club Meeting 2', '2024-10-14 17:00:00', '2024-10-14 19:00:00', 'Biology Lab', 1),
(403, 28, 'Environmental Science Club Meeting 1', '2024-10-15 15:00:00', '2024-10-15 17:00:00', 'Environmental Lab', 1),
(404, 28, 'Environmental Science Club Meeting 2', '2024-10-16 18:00:00', '2024-10-16 20:00:00', 'Environmental Lab', 1),
(405, 29, 'Business Club Meeting 1', '2024-10-17 14:00:00', '2024-10-17 16:00:00', 'Business Center', 1),
(406, 29, 'Business Club Meeting 2', '2024-10-18 17:00:00', '2024-10-18 19:00:00', 'Business Center', 1),
(407, 30, 'Marketing Club Meeting 1', '2024-10-19 15:00:00', '2024-10-19 17:00:00', 'Marketing Lab', 1),
(408, 30, 'Marketing Club Meeting 2', '2024-10-20 18:00:00', '2024-10-20 20:00:00', 'Marketing Lab', 1),
(409, 31, 'Finance Club Meeting 1', '2024-10-21 14:00:00', '2024-10-21 16:00:00', 'Finance Lab', 1),
(410, 31, 'Finance Club Meeting 2', '2024-10-22 17:00:00', '2024-10-22 19:00:00', 'Finance Lab', 1),
(411, 32, 'Art Club Meeting 1', '2024-10-23 15:00:00', '2024-10-23 17:00:00', 'Art Studio', 1),
(412, 32, 'Art Club Meeting 2', '2024-10-24 18:00:00', '2024-10-24 20:00:00', 'Art Studio', 1),
(413, 33, 'Music Club Meeting 1', '2024-10-25 14:00:00', '2024-10-25 16:00:00', 'Music Room', 1),
(414, 33, 'Music Club Meeting 2', '2024-10-26 17:00:00', '2024-10-26 19:00:00', 'Music Room', 1),
(415, 34, 'Drama Club Meeting 1', '2024-10-27 15:00:00', '2024-10-27 17:00:00', 'Theater', 1),
(416, 34, 'Drama Club Meeting 2', '2024-10-28 18:00:00', '2024-10-28 20:00:00', 'Theater', 1),
(417, 35, 'Dance Club Meeting 1', '2024-10-29 14:00:00', '2024-10-29 16:00:00', 'Dance Studio', 1),
(418, 35, 'Dance Club Meeting 2', '2024-10-30 17:00:00', '2024-10-30 19:00:00', 'Dance Studio', 1),
(419, 36, 'Debate Club Meeting 1', '2024-10-31 15:00:00', '2024-10-31 17:00:00', 'Debate Hall', 1),
(420, 36, 'Debate Club Meeting 2', '2024-11-01 18:00:00', '2024-11-01 20:00:00', 'Debate Hall', 1),
(421, 37, 'Chess Club Meeting 1', '2024-11-02 14:00:00', '2024-11-02 16:00:00', 'Chess Room', 1),
(422, 37, 'Chess Club Meeting 2', '2024-11-03 17:00:00', '2024-11-03 19:00:00', 'Chess Room', 1),
(423, 38, 'Language Club Meeting 1', '2024-11-04 15:00:00', '2024-11-04 17:00:00', 'Language Lab', 1),
(424, 38, 'Language Club Meeting 2', '2024-11-05 18:00:00', '2024-11-05 20:00:00', 'Language Lab', 1);




-- EventUsers
INSERT INTO EventUsers (eventID, userID) VALUES
(1, 23), (1, 67), (1, 98), (1, 115), (1, 142),
(2, 43), (2, 78), (2, 101), (2, 134), (2, 149),
(3, 12), (3, 45), (3, 76), (3, 99), (3, 124),
(4, 54), (4, 87), (4, 103), (4, 130), (4, 147),
(5, 34), (5, 69), (5, 97), (5, 123), (5, 141),
(6, 19), (6, 56), (6, 88), (6, 107), (6, 138),
(7, 39), (7, 73), (7, 104), (7, 128), (7, 150),
(8, 14), (8, 63), (8, 95), (8, 110), (8, 145),
(9, 28), (9, 77), (9, 111), (9, 137), (9, 149),
(10, 47), (10, 84), (10, 106), (10, 126), (10, 143),
(11, 26), (11, 61), (11, 92), (11, 116), (11, 139),
(12, 35), (12, 75), (12, 100), (12, 131), (12, 144),
(13, 22), (13, 60), (13, 89), (13, 120), (13, 140),
(14, 46), (14, 82), (14, 109), (14, 133), (14, 148),
(15, 37), (15, 72), (15, 105), (15, 136), (15, 146),
(16, 11), (16, 65), (16, 94), (16, 119), (16, 142),
(17, 30), (17, 68), (17, 102), (17, 129), (17, 150),
(18, 50), (18, 81), (18, 107), (18, 126), (18, 147),
(19, 20), (19, 59), (19, 93), (19, 110), (19, 137),
(20, 48), (20, 86), (20, 105), (20, 134), (20, 149),
(21, 31), (21, 70), (21, 99), (21, 125), (21, 141),
(22, 17), (22, 62), (22, 87), (22, 108), (22, 132),
(23, 41), (23, 79), (23, 103), (23, 131), (23, 145),
(24, 10), (24, 69), (24, 90), (24, 117), (24, 143),
(25, 36), (25, 76), (25, 104), (25, 127), (25, 148),
(26, 24), (26, 74), (26, 98), (26, 119), (26, 139),
(27, 33), (27, 67), (27, 106), (27, 130), (27, 140),
(28, 15), (28, 71), (28, 91), (28, 113), (28, 135),
(29, 27), (29, 63), (29, 107), (29, 120), (29, 146),
(30, 42), (30, 83), (30, 102), (30, 124), (30, 142),
(31, 21), (31, 64), (31, 108), (31, 128), (31, 144),
(32, 49), (32, 82), (32, 105), (32, 123), (32, 148),
(33, 38), (33, 72), (33, 93), (33, 125), (33, 141),
(34, 29), (34, 69), (34, 104), (34, 134), (34, 145),
(35, 18), (35, 73), (35, 99), (35, 127), (35, 143),
(36, 32), (36, 75), (36, 91), (36, 110), (36, 139),
(37, 40), (37, 70), (37, 106), (37, 126), (37, 147),
(38, 25), (38, 61), (38, 88), (38, 121), (38, 136),
(39, 44), (39, 78), (39, 102), (39, 119), (39, 142),
(40, 16), (40, 63), (40, 97), (40, 113), (40, 144),
(41, 34), (41, 79), (41, 109), (41, 137), (41, 148),
(42, 13), (42, 68), (42, 107), (42, 126), (42, 146),
(43, 23), (43, 65), (43, 95), (43, 124), (43, 139),
(44, 28), (44, 77), (44, 105), (44, 132), (44, 145),
(45, 19), (45, 60), (45, 92), (45, 115), (45, 141),
(46, 35), (46, 74), (46, 99), (46, 134), (46, 146),
(47, 30), (47, 70), (47, 103), (47, 123), (47, 140),
(48, 26), (48, 71), (48, 107), (48, 125), (48, 147),
(49, 43), (49, 67), (49, 91), (49, 117), (49, 142),
(50, 22), (50, 72), (50, 106), (50, 131), (50, 143),
(51, 45), (51, 69), (51, 94), (51, 119), (51, 142),
(52, 33), (52, 65), (52, 102), (52, 126), (52, 147),
(53, 17), (53, 61), (53, 97), (53, 115), (53, 144),
(54, 39), (54, 75), (54, 93), (54, 133), (54, 148),
(55, 48), (55, 73), (55, 100), (55, 125), (55, 141),
(56, 28), (56, 64), (56, 106), (56, 120), (56, 146),
(57, 42), (57, 68), (57, 109), (57, 135), (57, 149),
(58, 24), (58, 71), (58, 107), (58, 126), (58, 143),
(59, 36), (59, 79), (59, 104), (59, 128), (59, 142),
(60, 14), (60, 63), (60, 97), (60, 113), (60, 145),
(61, 29), (61, 76), (61, 108), (61, 121), (61, 147),
(62, 22), (62, 77), (62, 106), (62, 134), (62, 141),
(63, 35), (63, 74), (63, 101), (63, 126), (63, 148),
(64, 18), (64, 69), (64, 107), (64, 119), (64, 145),
(65, 38), (65, 73), (65, 95), (65, 128), (65, 148),
(66, 19), (66, 63), (66, 92), (66, 113), (66, 140),
(67, 27), (67, 64), (67, 91), (67, 130), (67, 149),
(68, 40), (68, 78), (68, 109), (68, 127), (68, 144),
(69, 16), (69, 76), (69, 105), (69, 121), (69, 145),
(70, 23), (70, 72), (70, 106), (70, 120), (70, 146),
(71, 31), (71, 70), (71, 102), (71, 134), (71, 148),
(72, 25), (72, 68), (72, 99), (72, 125), (72, 142),
(73, 41), (73, 67), (73, 93), (73, 113), (73, 141),
(74, 26), (74, 65), (74, 92), (74, 132), (74, 149),
(75, 32), (75, 71), (75, 108), (75, 128), (75, 147),
(76, 37), (76, 70), (76, 101), (76, 121), (76, 143),
(77, 20), (77, 76), (77, 106), (77, 126), (77, 142),
(78, 30), (78, 63), (78, 95), (78, 130), (78, 141),
(79, 44), (79, 67), (79, 92), (79, 119), (79, 146),
(80, 21), (80, 74), (80, 104), (80, 113), (80, 145),
(81, 34), (81, 79), (81, 102), (81, 120), (81, 148),
(82, 15), (82, 68), (82, 99), (82, 125), (82, 141),
(83, 43), (83, 65), (83, 108), (83, 130), (83, 149),
(84, 47), (84, 73), (84, 92), (84, 119), (84, 142),
(85, 25), (85, 70), (85, 101), (85, 121), (85, 143),
(86, 39), (86, 76), (86, 104), (86, 126), (86, 148),
(87, 33), (87, 79), (87, 92), (87, 130), (87, 149),
(88, 14), (88, 68), (88, 102), (88, 113), (88, 146),
(89, 45), (89, 67), (89, 106), (89, 119), (89, 142),
(90, 26), (90, 63), (90, 99), (90, 128), (90, 145),
(91, 19), (91, 72), (91, 95), (91, 120), (91, 141),
(92, 41), (92, 74), (92, 108), (92, 121), (92, 147),
(93, 27), (93, 65), (93, 92), (93, 130), (93, 143),
(94, 20), (94, 70), (94, 106), (94, 126), (94, 148),
(95, 35), (95, 63), (95, 104), (95, 113), (95, 141),
(96, 18), (96, 76), (96, 101), (96, 120), (96, 146),
(97, 28), (97, 67), (97, 102), (97, 119), (97, 142),
(98, 38), (98, 79), (98, 99), (98, 130), (98, 145),
(99, 16), (99, 68), (99, 92), (99, 128), (99, 143),
(100, 22), (100, 73), (100, 108), (100, 121), (100, 147),
(101, 39), (101, 67), (101, 99), (101, 128), (101, 142),
(102, 24), (102, 68), (102, 95), (102, 126), (102, 148),
(103, 35), (103, 76), (103, 107), (103, 121), (103, 143),
(104, 17), (104, 74), (104, 101), (104, 128), (104, 148),
(105, 41), (105, 79), (105, 106), (105, 126), (105, 145),
(106, 23), (106, 70), (106, 92), (106, 120), (106, 141),
(107, 30), (107, 63), (107, 102), (107, 130), (107, 149),
(108, 45), (108, 73), (108, 104), (108, 125), (108, 142),
(109, 26), (109, 65), (109, 106), (109, 121), (109, 146),
(110, 31), (110, 79), (110, 109), (110, 130), (110, 148),
(111, 29), (111, 68), (111, 95), (111, 119), (111, 146),
(112, 44), (112, 67), (112, 102), (112, 113), (112, 141),
(113, 15), (113, 73), (113, 106), (113, 121), (113, 143),
(114, 38), (114, 70), (114, 104), (114, 128), (114, 142),
(115, 22), (115, 65), (115, 92), (115, 130), (115, 146),
(116, 27), (116, 79), (116, 95), (116, 119), (116, 148),
(117, 36), (117, 67), (117, 107), (117, 121), (117, 146),
(118, 19), (118, 73), (118, 109), (118, 128), (118, 141),
(119, 33), (119, 68), (119, 106), (119, 126), (119, 148),
(120, 20), (120, 79), (120, 95), (120, 130), (120, 148),
(121, 42), (121, 70), (121, 101), (121, 128), (121, 142),
(122, 18), (122, 67), (122, 107), (122, 121), (122, 146),
(123, 28), (123, 73), (123, 106), (123, 126), (123, 143),
(124, 25), (124, 68), (124, 92), (124, 119), (124, 142),
(125, 40), (125, 79), (125, 102), (125, 130), (125, 146),
(126, 16), (126, 65), (126, 95), (126, 121), (126, 148),
(127, 37), (127, 70), (127, 106), (127, 126), (127, 148),
(128, 21), (128, 67), (128, 107), (128, 130), (128, 142),
(129, 34), (129, 73), (129, 106), (129, 119), (129, 143),
(130, 43), (130, 79), (130, 102), (130, 121), (130, 146),
(131, 14), (131, 68), (131, 95), (131, 130), (131, 148),
(132, 32), (132, 65), (132, 106), (132, 119), (132, 142),
(133, 46), (133, 70), (133, 107), (133, 121), (133, 146),
(134, 27), (134, 79), (134, 102), (134, 128), (134, 143),
(135, 38), (135, 67), (135, 106), (135, 121), (135, 146),
(136, 23), (136, 68), (136, 95), (136, 130), (136, 148),
(137, 41), (137, 73), (137, 107), (137, 121), (137, 143),
(138, 29), (138, 70), (138, 102), (138, 126), (138, 146),
(139, 18), (139, 65), (139, 95), (139, 128), (139, 142),
(140, 36), (140, 79), (140, 106), (140, 130), (140, 148),
(141, 22), (141, 67), (141, 107), (141, 121), (141, 143),
(142, 31), (142, 73), (142, 102), (142, 119), (142, 146),
(143, 24), (143, 68), (143, 106), (143, 130), (143, 142),
(144, 42), (144, 79), (144, 95), (144, 121), (144, 148),
(145, 16), (145, 70), (145, 107), (145, 126), (145, 143),
(146, 41), (146, 78), (146, 105), (146, 124), (146, 142),
(147, 29), (147, 64), (147, 96), (147, 128), (147, 143),
(148, 36), (148, 77), (148, 108), (148, 121), (148, 145),
(149, 21), (149, 67), (149, 99), (149, 130), (149, 141),
(150, 30), (150, 79), (150, 102), (150, 119), (150, 146),
(151, 35), (151, 70), (151, 104), (151, 126), (151, 142),
(152, 19), (152, 68), (152, 107), (152, 130), (152, 148),
(153, 38), (153, 73), (153, 95), (153, 121), (153, 148),
(154, 27), (154, 65), (154, 106), (154, 130), (154, 146),
(155, 43), (155, 79), (155, 101), (155, 128), (155, 142),
(156, 26), (156, 67), (156, 107), (156, 121), (156, 146),
(157, 32), (157, 70), (157, 95), (157, 126), (157, 148),
(158, 44), (158, 73), (158, 102), (158, 119), (158, 143),
(159, 20), (159, 65), (159, 106), (159, 130), (159, 148),
(160, 33), (160, 79), (160, 95), (160, 121), (160, 146),
(161, 18), (161, 68), (161, 107), (161, 130), (161, 148),
(162, 42), (162, 70), (162, 102), (162, 119), (162, 143),
(163, 28), (163, 73), (163, 106), (163, 126), (163, 142),
(164, 25), (164, 67), (164, 107), (164, 121), (164, 146),
(165, 39), (165, 79), (165, 95), (165, 130), (165, 143),
(166, 16), (166, 65), (166, 106), (166, 126), (166, 148),
(167, 40), (167, 70), (167, 102), (167, 121), (167, 146),
(168, 23), (168, 68), (168, 107), (168, 130), (168, 142),
(169, 31), (169, 73), (169, 104), (169, 126), (169, 146),
(170, 17), (170, 67), (170, 102), (170, 121), (170, 143),
(171, 45), (171, 79), (171, 107), (171, 130), (171, 148),
(172, 37), (172, 70), (172, 95), (172, 119), (172, 142),
(173, 24), (173, 65), (173, 106), (173, 130), (173, 148),
(174, 34), (174, 73), (174, 102), (174, 121), (174, 148),
(175, 22), (175, 67), (175, 107), (175, 126), (175, 148),
(176, 47), (176, 79), (176, 95), (176, 130), (176, 143),
(177, 15), (177, 70), (177, 102), (177, 121), (177, 146),
(178, 43), (178, 73), (178, 107), (178, 130), (178, 143),
(179, 28), (179, 65), (179, 102), (179, 119), (179, 142),
(180, 20), (180, 67), (180, 107), (180, 126), (180, 143),
(181, 36), (181, 70), (181, 95), (181, 130), (181, 146),
(182, 19), (182, 73), (182, 104), (182, 121), (182, 148),
(183, 26), (183, 65), (183, 106), (183, 126), (183, 146),
(184, 38), (184, 79), (184, 107), (184, 130), (184, 142),
(185, 31), (185, 67), (185, 102), (185, 121), (185, 146),
(186, 44), (186, 73), (186, 95), (186, 130), (186, 146),
(187, 21), (187, 70), (187, 107), (187, 126), (187, 146),
(188, 30), (188, 79), (188, 102), (188, 121), (188, 146),
(189, 27), (189, 65), (189, 106), (189, 130), (189, 148),
(190, 35), (190, 73), (190, 95), (190, 121), (190, 148),
(191, 16), (191, 67), (191, 107), (191, 126), (191, 146),
(192, 40), (192, 70), (192, 102), (192, 130), (192, 148),
(193, 23), (193, 79), (193, 95), (193, 121), (193, 148),
(194, 41), (194, 65), (194, 106), (194, 130), (194, 142),
(195, 32), (195, 73), (195, 107), (195, 121), (195, 148),
(196, 18), (196, 67), (196, 102), (196, 126), (196, 143),
(197, 45), (197, 70), (197, 95), (197, 130), (197, 148),
(198, 29), (198, 79), (198, 107), (198, 121), (198, 146),
(199, 38), (199, 65), (199, 102), (199, 130), (199, 143),
(200, 22), (200, 73), (200, 106), (200, 121), (200, 142),
(201, 39), (201, 67), (201, 95), (201, 126), (201, 142),
(202, 17), (202, 70), (202, 102), (202, 130), (202, 142),
(203, 36), (203, 79), (203, 107), (203, 121), (203, 146),
(204, 24), (204, 65), (204, 106), (204, 119), (204, 148),
(205, 33), (205, 73), (205, 95), (205, 126), (205, 143),
(206, 20), (206, 67), (206, 107), (206, 130), (206, 148),
(207, 42), (207, 70), (207, 102), (207, 121), (207, 148),
(208, 25), (208, 79), (208, 107), (208, 126), (208, 143),
(209, 41), (209, 65), (209, 102), (209, 121), (209, 148),
(210, 28), (210, 73), (210, 106), (210, 130), (210, 148),
(211, 35), (211, 70), (211, 95), (211, 121), (211, 146),
(212, 19), (212, 67), (212, 107), (212, 126), (212, 146),
(213, 31), (213, 79), (213, 102), (213, 130), (213, 146),
(214, 18), (214, 73), (214, 107), (214, 121), (214, 146),
(215, 36), (215, 70), (215, 95), (215, 126), (215, 143),
(216, 21), (216, 65), (216, 106), (216, 121), (216, 143),
(217, 39), (217, 79), (217, 107), (217, 130), (217, 148),
(218, 32), (218, 67), (218, 102), (218, 119), (218, 148),
(219, 43), (219, 70), (219, 95), (219, 130), (219, 146),
(220, 25), (220, 73), (220, 107), (220, 121), (220, 142),
(221, 30), (221, 65), (221, 102), (221, 126), (221, 142),
(222, 17), (222, 79), (222, 95), (222, 130), (222, 148),
(223, 38), (223, 70), (223, 107), (223, 121), (223, 146),
(224, 27), (224, 67), (224, 102), (224, 130), (224, 143),
(225, 44), (225, 73), (225, 106), (225, 119), (225, 148),
(226, 16), (226, 79), (226, 107), (226, 126), (226, 146),
(227, 40), (227, 70), (227, 102), (227, 121), (227, 143),
(228, 23), (228, 65), (228, 95), (228, 130), (228, 148),
(229, 35), (229, 73), (229, 107), (229, 119), (229, 142),
(230, 19), (230, 67), (230, 102), (230, 121), (230, 146),
(231, 38), (231, 70), (231, 95), (231, 126), (231, 148),
(232, 22), (232, 79), (232, 107), (232, 130), (232, 146),
(233, 33), (233, 65), (233, 102), (233, 121), (233, 148),
(234, 39), (234, 73), (234, 106), (234, 130), (234, 143),
(235, 28), (235, 67), (235, 107), (235, 119), (235, 146),
(236, 16), (236, 70), (236, 102), (236, 126), (236, 143),
(237, 41), (237, 79), (237, 95), (237, 130), (237, 148),
(238, 25), (238, 73), (238, 107), (238, 121), (238, 146),
(239, 30), (239, 67), (239, 102), (239, 130), (239, 148),
(240, 18), (240, 70), (240, 106), (240, 121), (240, 146),
(241, 42), (241, 79), (241, 95), (241, 126), (241, 143),
(242, 24), (242, 65), (242, 107), (242, 130), (242, 143),
(243, 32), (243, 73), (243, 102), (243, 121), (243, 148),
(244, 20), (244, 67), (244, 106), (244, 126), (244, 148),
(245, 43), (245, 70), (245, 95), (245, 130), (245, 143),
(246, 26), (246, 79), (246, 107), (246, 121), (246, 146),
(247, 36), (247, 65), (247, 102), (247, 130), (247, 146),
(248, 29), (248, 73), (248, 106), (248, 121), (248, 148),
(249, 17), (249, 67), (249, 107), (249, 126), (249, 148),
(250, 37), (250, 70), (250, 102), (250, 130), (250, 146),
(251, 41), (251, 76), (251, 105), (251, 121), (251, 142),
(252, 29), (252, 67), (252, 95), (252, 130), (252, 146),
(253, 36), (253, 70), (253, 107), (253, 126), (253, 142),
(254, 19), (254, 73), (254, 102), (254, 119), (254, 148),
(255, 38), (255, 65), (255, 106), (255, 121), (255, 148),
(256, 27), (256, 79), (256, 107), (256, 130), (256, 146),
(257, 43), (257, 70), (257, 95), (257, 119), (257, 142),
(258, 26), (258, 67), (258, 102), (258, 126), (258, 148),
(259, 32), (259, 73), (259, 106), (259, 130), (259, 146),
(260, 44), (260, 79), (260, 107), (260, 121), (260, 148),
(261, 21), (261, 65), (261, 102), (261, 130), (261, 146),
(262, 35), (262, 70), (262, 95), (262, 121), (262, 148),
(263, 18), (263, 67), (263, 107), (263, 126), (263, 142),
(264, 42), (264, 73), (264, 102), (264, 130), (264, 146),
(265, 28), (265, 79), (265, 107), (265, 121), (265, 146),
(266, 16), (266, 70), (266, 95), (266, 130), (266, 148),
(267, 40), (267, 65), (267, 107), (267, 126), (267, 146),
(268, 23), (268, 73), (268, 102), (268, 121), (268, 143),
(269, 33), (269, 67), (269, 106), (269, 130), (269, 146),
(270, 39), (270, 70), (270, 95), (270, 119), (270, 148),
(271, 17), (271, 79), (271, 107), (271, 126), (271, 146),
(272, 36), (272, 65), (272, 102), (272, 130), (272, 143),
(273, 22), (273, 67), (273, 106), (273, 121), (273, 146),
(274, 41), (274, 70), (274, 107), (274, 130), (274, 148),
(275, 25), (275, 73), (275, 102), (275, 126), (275, 148),
(276, 30), (276, 79), (276, 95), (276, 130), (276, 143),
(277, 20), (277, 65), (277, 107), (277, 121), (277, 146),
(278, 38), (278, 70), (278, 102), (278, 130), (278, 148),
(279, 17), (279, 67), (279, 106), (279, 119), (279, 146),
(280, 35), (280, 73), (280, 107), (280, 126), (280, 142),
(281, 19), (281, 79), (281, 102), (281, 130), (281, 148),
(282, 36), (282, 70), (282, 95), (282, 121), (282, 143),
(283, 23), (283, 65), (283, 107), (283, 130), (283, 146),
(284, 41), (284, 73), (284, 106), (284, 126), (284, 142),
(285, 26), (285, 67), (285, 102), (285, 121), (285, 148),
(286, 30), (286, 79), (286, 107), (286, 126), (286, 148),
(287, 16), (287, 70), (287, 102), (287, 130), (287, 148),
(288, 43), (288, 65), (288, 106), (288, 121), (288, 146),
(289, 25), (289, 73), (289, 107), (289, 130), (289, 148),
(290, 33), (290, 67), (290, 102), (290, 126), (290, 146),
(291, 40), (291, 79), (291, 95), (291, 130), (291, 146),
(292, 21), (292, 70), (292, 107), (292, 121), (292, 146),
(293, 39), (293, 65), (293, 102), (293, 126), (293, 143),
(294, 28), (294, 73), (294, 106), (294, 130), (294, 148),
(295, 18), (295, 67), (295, 107), (295, 121), (295, 148),
(296, 42), (296, 70), (296, 102), (296, 126), (296, 146),
(297, 27), (297, 79), (297, 107), (297, 130), (297, 143),
(298, 38), (298, 65), (298, 106), (298, 121), (298, 143),
(299, 22), (299, 73), (299, 102), (299, 130), (299, 146),
(300, 44), (300, 67), (300, 107), (300, 126), (300, 143),
(301, 16), (301, 70), (301, 95), (301, 121), (301, 146),
(302, 40), (302, 79), (302, 107), (302, 130), (302, 146),
(303, 23), (303, 65), (303, 102), (303, 126), (303, 143),
(304, 33), (304, 73), (304, 106), (304, 130), (304, 148),
(305, 39), (305, 67), (305, 107), (305, 121), (305, 148),
(306, 19), (306, 70), (306, 102), (306, 126), (306, 148),
(307, 36), (307, 79), (307, 95), (307, 130), (307, 146),
(308, 26), (308, 65), (308, 107), (308, 121), (308, 143),
(309, 42), (309, 73), (309, 106), (309, 130), (309, 146),
(310, 30), (310, 67), (310, 102), (310, 126), (310, 142),
(311, 41), (311, 70), (311, 107), (311, 130), (311, 146),
(312, 25), (312, 79), (312, 95), (312, 119), (312, 148),
(313, 28), (313, 73), (313, 102), (313, 130), (313, 148),
(314, 16), (314, 67), (314, 107), (314, 121), (314, 146),
(315, 43), (315, 70), (315, 106), (315, 126), (315, 148),
(316, 22), (316, 65), (316, 102), (316, 130), (316, 148),
(317, 35), (317, 79), (317, 107), (317, 121), (317, 146),
(318, 17), (318, 70), (318, 95), (318, 130), (318, 146),
(319, 36), (319, 67), (319, 102), (319, 126), (319, 143),
(320, 38), (320, 73), (320, 107), (320, 130), (320, 146),
(321, 23), (321, 79), (321, 102), (321, 121), (321, 143),
(322, 33), (322, 65), (322, 106), (322, 126), (322, 148),
(323, 39), (323, 70), (323, 107), (323, 130), (323, 148),
(324, 26), (324, 67), (324, 102), (324, 121), (324, 148),
(325, 42), (325, 73), (325, 106), (325, 126), (325, 142),
(326, 28), (326, 79), (326, 107), (326, 130), (326, 146),
(327, 16), (327, 70), (327, 102), (327, 121), (327, 146),
(328, 40), (328, 65), (328, 107), (328, 126), (328, 146),
(329, 25), (329, 73), (329, 102), (329, 130), (329, 148),
(330, 30), (330, 67), (330, 106), (330, 121), (330, 148),
(331, 18), (331, 79), (331, 95), (331, 126), (331, 148),
(332, 36), (332, 70), (332, 107), (332, 130), (332, 143),
(333, 19), (333, 65), (333, 102), (333, 121), (333, 146),
(334, 41), (334, 73), (334, 106), (334, 130), (334, 146),
(335, 26), (335, 67), (335, 107), (335, 119), (335, 146),
(336, 30), (336, 79), (336, 102), (336, 126), (336, 148),
(337, 17), (337, 70), (337, 106), (337, 130), (337, 148),
(338, 38), (338, 65), (338, 102), (338, 121), (338, 143),
(339, 22), (339, 73), (339, 107), (339, 130), (339, 146),
(340, 39), (340, 70), (340, 95), (340, 121), (340, 148),
(341, 16), (341, 67), (341, 107), (341, 126), (341, 148),
(342, 35), (342, 79), (342, 102), (342, 130), (342, 148),
(343, 19), (343, 70), (343, 107), (343, 121), (343, 143),
(344, 36), (344, 73), (344, 106), (344, 130), (344, 146),
(345, 25), (345, 67), (345, 102), (345, 119), (345, 146),
(346, 41), (346, 79), (346, 107), (346, 126), (346, 142),
(347, 30), (347, 73), (347, 102), (347, 130), (347, 143),
(348, 22), (348, 65), (348, 106), (348, 121), (348, 146),
(349, 39), (349, 70), (349, 107), (349, 126), (349, 148),
(350, 17), (350, 79), (350, 95), (350, 130), (350, 148),
(351, 41), (351, 70), (351, 95), (351, 130), (351, 146),
(352, 25), (352, 67), (352, 102), (352, 126), (352, 146),
(353, 38), (353, 79), (353, 107), (353, 130), (353, 146),
(354, 17), (354, 73), (354, 102), (354, 121), (354, 146),
(355, 36), (355, 70), (355, 107), (355, 126), (355, 142),
(356, 19), (356, 67), (356, 106), (356, 130), (356, 148),
(357, 33), (357, 73), (357, 95), (357, 130), (357, 148),
(358, 41), (358, 70), (358, 102), (358, 121), (358, 148),
(359, 26), (359, 79), (359, 107), (359, 126), (359, 142),
(360, 17), (360, 65), (360, 106), (360, 130), (360, 146),
(361, 40), (361, 73), (361, 102), (361, 121), (361, 148),
(362, 22), (362, 67), (362, 107), (362, 126), (362, 148),
(363, 36), (363, 79), (363, 95), (363, 130), (363, 148),
(364, 16), (364, 70), (364, 107), (364, 121), (364, 146),
(365, 38), (365, 65), (365, 102), (365, 130), (365, 146),
(366, 23), (366, 73), (366, 106), (366, 126), (366, 142),
(367, 44), (367, 79), (367, 107), (367, 130), (367, 146),
(368, 29), (368, 67), (368, 102), (368, 121), (368, 148),
(369, 35), (369, 70), (369, 106), (369, 126), (369, 148),
(370, 20), (370, 73), (370, 95), (370, 130), (370, 143),
(371, 42), (371, 79), (371, 107), (371, 121), (371, 148),
(372, 31), (372, 65), (372, 106), (372, 126), (372, 143),
(373, 41), (373, 70), (373, 95), (373, 130), (373, 148),
(374, 23), (374, 67), (374, 107), (374, 121), (374, 146),
(375, 38), (375, 73), (375, 102), (375, 126), (375, 146),
(376, 16), (376, 79), (376, 107), (376, 130), (376, 146),
(377, 36), (377, 70), (377, 102), (377, 121), (377, 143),
(378, 19), (378, 65), (378, 106), (378, 130), (378, 148),
(379, 40), (379, 73), (379, 102), (379, 126), (379, 148),
(380, 21), (380, 67), (380, 107), (380, 130), (380, 146),
(381, 33), (381, 79), (381, 95), (381, 121), (381, 146),
(382, 17), (382, 70), (382, 106), (382, 126), (382, 142),
(383, 39), (383, 73), (383, 102), (383, 130), (383, 146),
(384, 26), (384, 67), (384, 107), (384, 121), (384, 146),
(385, 42), (385, 79), (385, 106), (385, 130), (385, 148),
(386, 23), (386, 73), (386, 102), (386, 126), (386, 142),
(387, 38), (387, 70), (387, 95), (387, 130), (387, 146),
(388, 16), (388, 65), (388, 107), (388, 121), (388, 146),
(389, 41), (389, 79), (389, 102), (389, 130), (389, 148),
(390, 25), (390, 67), (390, 106), (390, 119), (390, 148),
(391, 36), (391, 70), (391, 107), (391, 126), (391, 146),
(392, 17), (392, 73), (392, 95), (392, 130), (392, 146),
(393, 38), (393, 79), (393, 107), (393, 121), (393, 148),
(394, 22), (394, 65), (394, 102), (394, 130), (394, 148),
(395, 33), (395, 73), (395, 106), (395, 121), (395, 148),
(396, 41), (396, 70), (396, 107), (396, 130), (396, 146),
(397, 26), (397, 67), (397, 102), (397, 126), (397, 148),
(398, 35), (398, 79), (398, 95), (398, 130), (398, 146),
(399, 16), (399, 70), (399, 107), (399, 121), (399, 146),
(400, 38), (400, 65), (400, 102), (400, 126), (400, 148),
(401, 23), (401, 73), (401, 106), (401, 130), (401, 148),
(402, 44), (402, 79), (402, 107), (402, 121), (402, 146),
(403, 29), (403, 67), (403, 102), (403, 130), (403, 146),
(404, 36), (404, 70), (404, 95), (404, 126), (404, 143),
(405, 17), (405, 65), (405, 107), (405, 130), (405, 148),
(406, 40), (406, 73), (406, 102), (406, 121), (406, 146),
(407, 22), (407, 67), (407, 106), (407, 130), (407, 148),
(408, 36), (408, 79), (408, 107), (408, 126), (408, 143),
(409, 19), (409, 70), (409, 102), (409, 121), (409, 146),
(410, 41), (410, 73), (410, 106), (410, 130), (410, 146),
(411, 26), (411, 67), (411, 107), (411, 126), (411, 142),
(412, 30), (412, 79), (412, 102), (412, 130), (412, 146),
(413, 38), (413, 65), (413, 107), (413, 121), (413, 146),
(414, 23), (414, 73), (414, 106), (414, 126), (414, 146),
(415, 36), (415, 70), (415, 102), (415, 121), (415, 146),
(416, 17), (416, 79), (416, 95), (416, 126), (416, 148),
(417, 40), (417, 65), (417, 107), (417, 130), (417, 148),
(418, 25), (418, 73), (418, 102), (418, 119), (418, 148),
(419, 33), (419, 67), (419, 106), (419, 130), (419, 148),
(420, 39), (420, 70), (420, 107), (420, 121), (420, 148),
(421, 16), (421, 79), (421, 102), (421, 130), (421, 146),
(422, 41), (422, 73), (422, 106), (422, 126), (422, 142),
(423, 28), (423, 67), (423, 107), (423, 121), (423, 148),
(424, 35), (424, 73), (424, 102), (424, 126), (424, 146);



-- Drills
INSERT INTO Drills (drillID, name, drillDescription) VALUES
(1, 'Roller Hockey Stickhandling', 'Focuses on improving stickhandling skills on roller skates.'),
(2, 'Roller Hockey Shooting', 'Emphasizes shooting accuracy and power while skating.'),
(3, 'Roller Hockey Defensive Drills', 'Covers defensive positioning, checking, and blocking shots.'),
(34, 'Roller Hockey Passing Drills', 'Focuses on quick and accurate passing under pressure.'),
(35, 'Roller Hockey Defensive Positioning Drills', 'Teaches defensive positioning and communication among players.'),
(36, 'Roller Hockey Shooting Accuracy Drills', 'Works on shooting accuracy from different angles and distances.'),
(4, 'Basketball Dribbling Drills', 'Various dribbling exercises to improve ball control.'),
(5, 'Basketball Shooting Drills', 'Focuses on shooting techniques from different positions on the court.'),
(6, 'Basketball Defensive Drills', 'Teaches defensive strategies, including man-to-man and zone defense.'),
(37, 'Basketball Rebounding Drills', 'Emphasizes boxing out and securing rebounds in traffic.'),
(38, 'Basketball Fast Break Drills', 'Works on transition offense and fast break scoring opportunities.'),
(39, 'Basketball Team Defense Drills', 'Teaches team defense principles, rotations, and help-side positioning.'),
(7, 'Football Passing Drills', 'Practice passing accuracy and timing with receivers.'),
(8, 'Football Blocking Drills', 'Work on blocking techniques for offensive linemen.'),
(9, 'Football Defensive Drills', 'Covers tackling, coverage, and defensive line techniques.'),
(40, 'Football Route Running Drills', 'Focuses on precise route running and timing between quarterbacks and receivers.'),
(41, 'Football Special Teams Drills', 'Covers kickoffs, punts, and field goal/extra point units.'),
(42, 'Football Two-Minute Drill', 'Simulates game situations for end-of-half or end-of-game hurry-up offense.'),
(10, 'Volleyball Serving Drills', 'Improves serving accuracy, power, and variety.'),
(11, 'Volleyball Setting Drills', 'Focuses on setting techniques for precise ball placement.'),
(12, 'Volleyball Blocking Drills', 'Teaches proper blocking form and timing at the net.'),
(43, 'Volleyball Communication Drills', 'Emphasizes communication on the court, calling for the ball, and setting priorities.'),
(44, 'Volleyball Transition Drills', 'Works on quick transitions between offense and defense.'),
(45, 'Volleyball Scrimmage Variations', 'Incorporates specific game-like situations into scrimmage play.'),
(13, 'Soccer Dribbling Drills', 'Emphasizes dribbling skills in tight spaces and at speed.'),
(14, 'Soccer Passing Drills', 'Focuses on passing accuracy and vision on the field.'),
(15, 'Soccer Defensive Drills', 'Covers defensive positioning, tackling, and intercepting passes.'),
(46, 'Soccer Crossing and Finishing Drills', 'Focuses on crossing accuracy and finishing scoring chances.'),
(47, 'Soccer Possession Drills', 'Teaches maintaining possession through passing and movement.'),
(48, 'Soccer Counterattack Drills', 'Simulates counterattacking scenarios from defensive to offensive transitions.'),
(16, 'Tennis Forehand Drills', 'Improves forehand stroke technique and consistency.'),
(17, 'Tennis Backhand Drills', 'Focuses on backhand stroke control and power.'),
(18, 'Tennis Serve Drills', 'Works on serving accuracy, spin, and placement.'),
(49, 'Tennis Footwork Drills', 'Improves agility, speed, and balance on the court.'),
(50, 'Tennis Doubles Strategy Drills', 'Covers doubles positioning, communication, and shot selection.'),
(51, 'Tennis Match Simulation Drills', 'Simulates match situations to practice strategy and mental toughness.'),
(19, 'Baseball Hitting Drills', 'Focuses on hitting mechanics, bat speed, and timing.'),
(20, 'Baseball Fielding Drills', 'Covers fielding ground balls, catching fly balls, and throwing accuracy.'),
(21, 'Baseball Pitching Drills', 'Improves pitching mechanics, accuracy, and pitch variety.'),
(52, 'Baseball Baserunning Drills', 'Focuses on proper baserunning technique, leads, and slides.'),
(53, 'Baseball Team Defense Scenarios', 'Works on defensive situations like rundowns, double plays, and cutoffs.'),
(54, 'Baseball Hitting for Power Drills', 'Emphasizes generating power and bat speed for extra-base hits.'),
(22, 'Softball Batting Drills', 'Emphasizes proper batting stance, swing mechanics, and contact points.'),
(23, 'Softball Fielding Drills', 'Works on fielding grounders, catching pop flies, and throwing accuracy.'),
(24, 'Softball Pitching Drills', 'Focuses on pitching accuracy, speed, and pitch control.'),
(55, 'Softball Catcher Drills', 'Focuses on catcher skills, including receiving, blocking, and throwing.'),
(56, 'Softball Outfield Drills', 'Works on outfielder reads, routes, and throwing accuracy.'),
(57, 'Softball Hitting for Contact Drills', 'Emphasizes contact hitting, bunting, and situational hitting.'),
(25, 'Swimming Stroke Drills', 'Improves technique and efficiency in various swimming strokes.'),
(26, 'Swimming Turns Drills', 'Focuses on flip turns, open turns, and underwater kicking.'),
(27, 'Swimming Endurance Drills', 'Builds endurance through interval training and distance swims.'),
(58, 'Swimming Underwater Kicking Drills', 'Improves underwater kicking technique for starts and turns.'),
(59, 'Swimming Sprint Drills', 'Focuses on sprinting technique and pacing for short-distance races.'),
(60, 'Swimming Medley Relay Drills', 'Practices relay exchanges and strategies for medley relay events.'),
(28, 'Hockey Skating Drills', 'Focuses on skating technique, speed, and agility.'),
(29, 'Hockey Passing Drills', 'Improves passing accuracy, timing, and vision on the ice.'),
(30, 'Hockey Shooting Drills', 'Emphasizes shooting techniques, accuracy, and puck control.'),
(61, 'Hockey Checking Drills', 'Teaches proper checking techniques and body positioning.'),
(62, 'Hockey Breakout Drills', 'Works on breaking out of the defensive zone and transitioning to offense.'),
(63, 'Hockey Goalie Drills', 'Focuses on goalie-specific skills, positioning, and save techniques.'),
(31, 'Golf Swing Drills', 'Works on proper golf swing mechanics, grip, and posture.'),
(32, 'Golf Putting Drills', 'Improves putting accuracy, distance control, and green reading.'),
(33, 'Golf Short Game Drills', 'Covers chipping, pitching, and bunker play techniques.'),
(64, 'Golf Course Management Drills', 'Focuses on strategy, shot selection, and course navigation.'),
(65, 'Golf Short Putt Drills', 'Improves short putt accuracy and confidence under pressure.'),
(66, 'Golf Long Drive Competition Drills', 'Fun drill focusing on driving distance and accuracy in competition.');






-- Practices
INSERT INTO Practices (eventID, practiceID, injuriesDesc)
VALUES
(1, 1, NULL),
(3, 2, NULL),
(5, 3, NULL),
(7, 4, NULL),
(9, 5, NULL),
(10, 6, NULL),
(12, 7, NULL),
(14, 8, NULL),
(16, 9, NULL),
(18, 10, NULL),
(19, 11, NULL),
(21, 12, NULL),
(23, 13, NULL),
(25, 14, NULL),
(27, 15, NULL),
(46, 16, NULL),
(48, 17, NULL),
(50, 18, NULL),
(52, 19, NULL),
(54, 20, NULL),
(55, 21, NULL),
(57, 22, NULL),
(59, 23, NULL),
(61, 24, NULL),
(63, 25, NULL),
(82, 26, NULL),
(84, 27, NULL),
(86, 28, NULL),
(88, 29, NULL),
(90, 30, NULL),
(91, 31, NULL),
(93, 32, NULL),
(95, 33, NULL),
(97, 34, NULL),
(99, 35, NULL),
(118, 36, NULL),
(120, 37, NULL),
(122, 38, NULL),
(124, 39, NULL),
(126, 40, NULL),
(127, 41, NULL),
(129, 42, NULL),
(131, 43, NULL),
(133, 44, NULL),
(135, 45, NULL),
(154, 46, NULL),
(156, 47, NULL),
(158, 48, NULL),
(160, 49, NULL),
(162, 50, NULL),
(163, 51, NULL),
(165, 52, NULL),
(167, 53, NULL),
(169, 54, NULL),
(171, 55, NULL),
(289, 56, NULL),
(291, 57, NULL),
(292, 58, NULL),
(294, 59, NULL),
(307, 60, NULL),
(309, 61, NULL),
(310, 62, NULL),
(312, 63, NULL),
(316, 64, NULL),
(318, 65, NULL),
(319, 66, NULL),
(321, 67, NULL),
(324, 68, NULL);



-- Inserting drill instances for practices
INSERT INTO DrillInstances (eventID, practiceID, drillID)
VALUES
-- Roller Hockey Club practices
(1, 1, 1), (1, 1, 34), (1, 1, 35),
(3, 2, 1), (3, 2, 36),
(5, 3, 34), (5, 3, 35), (5, 3, 36),
-- Basketball Club practices
(7, 4, 37), (7, 4, 38),
(9, 5, 37), (9, 5, 39),
(10, 6, 38), (10, 6, 39),
-- Football Club practices
(12, 7, 40), (12, 7, 41),
(14, 8, 41), (14, 8, 42),
(16, 9, 40), (16, 9, 42),
-- Volleyball Club practices
(18, 10, 43), (18, 10, 44),
(19, 11, 43), (19, 11, 45),
(21, 12, 44), (21, 12, 45),
-- Soccer Club practices
(23, 13, 46), (23, 13, 47),
(25, 14, 46), (25, 14, 48),
(27, 15, 47), (27, 15, 48),
-- Tennis Club practices
(46, 16, 49), (46, 16, 50),
(48, 17, 49), (48, 17, 51),
(50, 18, 50), (50, 18, 51),
-- Baseball Club practices
(52, 19, 52), (52, 19, 53),
(54, 20, 52), (54, 20, 54),
(55, 21, 53), (55, 21, 54),
-- Softball Club practices
(57, 22, 55), (57, 22, 56),
(59, 23, 55), (59, 23, 57),
(61, 24, 56), (61, 24, 57),
-- Swimming Club practices
(63, 25, 58), (63, 25, 59),
(82, 26, 58), (82, 26, 60),
(84, 27, 59), (84, 27, 60),
-- Hockey Club practices
(86, 28, 61), (86, 28, 62),
(88, 29, 61), (88, 29, 63),
(90, 30, 62), (90, 30, 63),
-- Golf Club practices
(91, 31, 64), (91, 31, 65),
(93, 32, 64), (93, 32, 66),
(95, 33, 65), (95, 33, 66),
-- Random Practices
(97, 34, 2), (97, 34, 3), (97, 34, 4),
(99, 35, 2), (99, 35, 3), (99, 35, 4),
(118, 36, 2), (118, 36, 3), (118, 36, 4),
(120, 37, 2), (120, 37, 3), (120, 37, 4),
(122, 38, 2), (122, 38, 3), (122, 38, 4),
(124, 39, 2), (124, 39, 3), (124, 39, 4),
(126, 40, 2), (126, 40, 3), (126, 40, 4),
(127, 41, 2), (127, 41, 3), (127, 41, 4),
(129, 42, 2), (129, 42, 3), (129, 42, 4),
(131, 43, 2), (131, 43, 3), (131, 43, 4),
(133, 44, 2), (133, 44, 3), (133, 44, 4),
(135, 45, 2), (135, 45, 3), (135, 45, 4),
(154, 46, 2), (154, 46, 3), (154, 46, 4),
(156, 47, 2), (156, 47, 3), (156, 47, 4),
(158, 48, 2), (158, 48, 3), (158, 48, 4),
(160, 49, 2), (160, 49, 3), (160, 49, 4),
(162, 50, 2), (162, 50, 3), (162, 50, 4),
(163, 51, 2), (163, 51, 3), (163, 51, 4),
(165, 52, 2), (165, 52, 3), (165, 52, 4),
(167, 53, 2), (167, 53, 3), (167, 53, 4),
(169, 54, 2), (169, 54, 3), (169, 54, 4),
(171, 55, 2), (171, 55, 3), (171, 55, 4),
(289, 56, 2), (289, 56, 3), (289, 56, 4),
(291, 57, 2), (291, 57, 3), (291, 57, 4),
(292, 58, 2), (292, 58, 3), (292, 58, 4),
(294, 59, 2), (294, 59, 3), (294, 59, 4),
(307, 60, 2), (307, 60, 3), (307, 60, 4),
(309, 61, 2), (309, 61, 3), (309, 61, 4),
(310, 62, 2), (310, 62, 3), (310, 62, 4),
(312, 63, 2), (312, 63, 3), (312, 63, 4),
(316, 64, 2), (316, 64, 3), (316, 64, 4),
(318, 65, 2), (318, 65, 3), (318, 65, 4),
(319, 66, 2), (319, 66, 3), (319, 66, 4),
(321, 67, 2), (321, 67, 3), (321, 67, 4),
(324, 68, 2), (324, 68, 3), (324, 68, 4);



-- Games
INSERT INTO Games (gameID, eventID, opponentTeamName, nuScore, opponentScore, injuriesDescription)
VALUES
(1, 2, 'Rivals', 5, 3, NULL),
(2, 4, 'Newcomers', 2, 1, NULL),
(3, 6, 'Veterans', 4, 2, NULL),
(4, 8, 'All-Stars', 3, 4, NULL),
(5, 11, 'Competitors', 6, 7, NULL),
(6, 13, 'Rivals', 9, 8, NULL),
(7, 15, 'Competitors', 10, 9, NULL),
(8, 17, 'All-Stars', 4, 6, NULL),
(9, 20, 'Rivals', 2, 3, NULL),
(10, 22, 'Newcomers', 3, 4, NULL),
(11, 24, 'Veterans', 5, 2, NULL),
(12, 26, 'All-Stars', 6, 5, NULL),
(13, 47, 'Opponents', 1, 2, NULL),
(14, 49, 'Newcomers', 3, 1, NULL),
(15, 51, 'Veterans', 2, 4, NULL),
(16, 53, 'All-Stars', 5, 3, NULL),
(17, 56, 'Competitors', 8, 7, NULL),
(18, 58, 'Newcomers', 1, 0, NULL),
(19, 60, 'Veterans', 4, 3, NULL),
(20, 62, 'All-Stars', 2, 1, NULL),
(21, 83, 'Opponents', 3, 2, NULL),
(22, 85, 'Newcomers', 2, 2, NULL),
(23, 87, 'Veterans', 3, 1, NULL),
(24, 89, 'All-Stars', 5, 4, NULL),
(25, 92, 'Rivals', 6, 8, NULL),
(26, 94, 'Newcomers', 1, 2, NULL),
(27, 96, 'Veterans', 4, 4, NULL),
(28, 98, 'All-Stars', 3, 5, NULL),
(29, 119, 'Competitors', 7, 9, NULL),
(30, 121, 'Newcomers', 2, 2, NULL),
(31, 123, 'Veterans', 3, 1, NULL),
(32, 125, 'All-Stars', 6, 7, NULL),
(33, 128, 'Opponents', 2, 1, NULL),
(34, 130, 'Newcomers', 1, 3, NULL),
(35, 132, 'Veterans', 5, 2, NULL),
(36, 134, 'All-Stars', 4, 3, NULL),
(37, 155, 'Competitors', 6, 5, NULL),
(38, 157, 'Newcomers', 3, 4, NULL),
(39, 159, 'Veterans', 2, 1, NULL),
(40, 161, 'All-Stars', 4, 6, NULL);



-- Workshops
INSERT INTO Workshops (workshopID, eventID, speakerEmail, speakerFirstName, speakerLastName, topic, collabOrgId)
VALUES
(1, 136, 'finance@betagammasigma.org', 'John', 'Doe', 'Finance', 16),
(2, 137, 'marketing@betagammasigma.org', 'Jane', 'Smith', 'Marketing', 16),
(3, 138, 'ethics@betagammasigma.org', 'Michael', 'Johnson', 'Business Ethics', 16),
(4, 139, 'operations@betagammasigma.org', 'Emily', 'Williams', 'Operations', 16),
(5, 140, 'leadership@betagammasigma.org', 'David', 'Brown', 'Leadership', 16),
(6, 141, 'strategy@betagammasigma.org', 'Sophia', 'Miller', 'Business Strategy', 16),
(7, 142, 'entrepreneurship@betagammasigma.org', 'William', 'Jones', 'Entrepreneurship', 16),
(8, 143, 'finance@betagammasigma.org', 'John', 'Doe', 'Finance', 16),
(9, 144, 'marketing@betagammasigma.org', 'Jane', 'Smith', 'Marketing', 16),
(10, 145, 'literature@phibetakappa.org', 'Robert', 'Wilson', 'Literature', 17),
(11, 146, 'history@phibetakappa.org', 'Olivia', 'Davis', 'History', 17),
(12, 147, 'science@phibetakappa.org', 'Ethan', 'Martinez', 'Science', 17),
(13, 148, 'philosophy@phibetakappa.org', 'Ava', 'Anderson', 'Philosophy', 17),
(14, 149, 'psychology@phibetakappa.org', 'Daniel', 'Taylor', 'Psychology', 17),
(15, 150, 'sociology@phibetakappa.org', 'Sofia', 'Moore', 'Sociology', 17),
(16, 151, 'anthropology@phibetakappa.org', 'Matthew', 'Thomas', 'Anthropology', 17),
(17, 152, 'literature@phibetakappa.org', 'Robert', 'Wilson', 'Literature', 17),
(18, 153, 'history@phibetakappa.org', 'Olivia', 'Davis', 'History', 17),
(19, 172, 'drama@alphapsiomega.org', 'Liam', 'Jackson', 'Drama', 20),
(20, 174, 'drama@alphapsiomega.org', 'Liam', 'Jackson', 'Drama', 20),
(21, 175, 'drama@alphapsiomega.org', 'Liam', 'Jackson', 'Drama', 20),
(22, 177, 'drama@alphapsiomega.org', 'Liam', 'Jackson', 'Drama', 20),
(23, 179, 'drama@alphapsiomega.org', 'Liam', 'Jackson', 'Drama', 20),
(24, 181, 'poetry@sigmataudelta.org', 'Ella', 'Garcia', 'Poetry', 21),
(25, 182, 'fiction@sigmataudelta.org', 'Noah', 'Rodriguez', 'Fiction', 21),
(26, 183, 'poetry@sigmataudelta.org', 'Ella', 'Garcia', 'Poetry', 21),
(27, 184, 'fiction@sigmataudelta.org', 'Noah', 'Rodriguez', 'Fiction', 21),
(28, 185, 'poetry@sigmataudelta.org', 'Ella', 'Garcia', 'Poetry', 21),
(29, 186, 'fiction@sigmataudelta.org', 'Noah', 'Rodriguez', 'Fiction', 21),
(30, 187, 'poetry@sigmataudelta.org', 'Ella', 'Garcia', 'Poetry', 21),
(31, 188, 'fiction@sigmataudelta.org', 'Noah', 'Rodriguez', 'Fiction', 21),
(32, 189, 'poetry@sigmataudelta.org', 'Ella', 'Garcia', 'Poetry', 21),
(33, 202, 'poetry@literatureclub.org', 'Aiden', 'Martinez', 'Poetry', 23),
(34, 204, 'poetry@literatureclub.org', 'Aiden', 'Martinez', 'Poetry', 23),
(35, 206, 'poetry@literatureclub.org', 'Aiden', 'Martinez', 'Poetry', 23),
(36, 208, 'problemsolving@mathclub.org', 'Olivia', 'Johnson', 'Problem-Solving', 24),
(37, 210, 'problemsolving@mathclub.org', 'Olivia', 'Johnson', 'Problem-Solving', 24),
(38, 211, 'problemsolving@mathclub.org', 'Olivia', 'Johnson', 'Problem-Solving', 24),
(39, 213, 'problemsolving@mathclub.org', 'Olivia', 'Johnson', 'Problem-Solving', 24),
(40, 215, 'problemsolving@mathclub.org', 'Olivia', 'Johnson', 'Problem-Solving', 24),
(41, 226, 'analysis@chemistryclub.org', 'Ethan', 'Garcia', 'Chemical Analysis', 26),
(42, 228, 'analysis@chemistryclub.org', 'Ethan', 'Garcia', 'Chemical Analysis', 26),
(43, 229, 'synthesis@chemistryclub.org', 'Ava', 'Rodriguez', 'Chemical Synthesis', 26),
(44, 231, 'synthesis@chemistryclub.org', 'Ava', 'Rodriguez', 'Chemical Synthesis', 26),
(45, 233, 'synthesis@chemistryclub.org', 'Ava', 'Rodriguez', 'Chemical Synthesis', 26),
(46, 247, 'sustainability@environmentclub.org', 'Sophia', 'Moore', 'Sustainability', 28),
(47, 256, 'financialplanning@businessclub.org', 'David', 'Brown', 'Financial Planning', 29),
(48, 258, 'marketanalysis@businessclub.org', 'Emily', 'Williams', 'Market Analysis', 29),
(49, 260, 'businesscommunication@businessclub.org', 'Michael', 'Johnson', 'Business Communication', 29),
(50, 262, 'digitalmarketing@marketingclub.org', 'John', 'Doe', 'Digital Marketing', 30),
(51, 263, 'branding@marketingclub.org', 'Jane', 'Smith', 'Branding', 30),
(52, 264, 'marketresearch@marketingclub.org', 'Emily', 'Williams', 'Market Research', 30),
(53, 265, 'socialmedia@marketingclub.org', 'David', 'Brown', 'Social Media Marketing', 30),
(54, 266, 'contentcreation@marketingclub.org', 'Sophia', 'Miller', 'Content Creation', 30),
(55, 267, 'emailmarketing@marketingclub.org', 'William', 'Jones', 'Email Marketing', 30),
(56, 268, 'seo@marketingclub.org', 'Robert', 'Wilson', 'SEO', 30),
(57, 269, 'paidadvertising@marketingclub.org', 'Olivia', 'Davis', 'Paid Advertising', 30),
(58, 270, 'brandpartnerships@marketingclub.org', 'Ava', 'Anderson', 'Brand Partnerships', 30),
(59, 274, 'investment@financeclub.org', 'Daniel', 'Taylor', 'Investment', 31),
(60, 276, 'investment@financeclub.org', 'Daniel', 'Taylor', 'Investment', 31),
(61, 277, 'financialmodeling@financeclub.org', 'Sofia', 'Moore', 'Financial Modeling', 31),
(62, 280, 'painting@artclub.org', 'Ella', 'Garcia', 'Painting', 32),
(63, 282, 'painting@artclub.org', 'Ella', 'Garcia', 'Painting', 32),
(64, 283, 'sculpture@artclub.org', 'Noah', 'Rodriguez', 'Sculpture', 32),
(65, 285, 'sculpture@artclub.org', 'Noah', 'Rodriguez', 'Sculpture', 32),
(66, 288, 'streetart@artclub.org', 'Matthew', 'Thomas', 'Street Art', 32),
(67, 314, 'dancedance@danceclub.org', 'Sofia', 'Moore', 'Contemporary Dance', 35),
(68, 322, 'publicspeaking@debateclub.org', 'Ethan', 'Martinez', 'Public Speaking', 36),
(69, 326, 'chess@chessclub.org', 'David', 'Brown', 'Chess', 37),
(70, 329, 'chessstrategy@chessclub.org', 'Emily', 'Williams', 'Strategy', 37),
(71, 333, 'blitzchess@chessclub.org', 'Michael', 'Johnson', 'Blitz Chess', 37),
(72, 335, 'language@languageclub.org', 'John', 'Doe', 'Language', 38);



-- CommunityServices
INSERT INTO CommunityServices (eventID, serviceID, hours, serviceDescription)
VALUES
(30, 1, 2, 'Assisting with community cleanup at the Local Park by Alpha Beta Gamma'),
(32, 2, 2, 'Planting trees and maintaining green spaces at the Local Park with Alpha Beta Gamma'),
(35, 3, 2, 'Organizing a recreational event for local families at the Local Park by Alpha Beta Gamma'),
(39, 4, 2, 'Volunteering for park maintenance and beautification by Delta Sigma Phi at Local Park'),
(41, 5, 2, 'Helping with community gardening and landscaping at the Local Park with Delta Sigma Phi'),
(44, 6, 2, 'Hosting a sports day for underprivileged youth at the Local Park by Delta Sigma Phi'),
(66, 7, 2, 'Supporting environmental initiatives and waste management at the Local Park with Alpha Phi'),
(68, 8, 2, 'Participating in park restoration projects and trail maintenance by Alpha Phi at Local Park'),
(71, 9, 2, 'Engaging in community outreach and education programs at the Local Park with Alpha Phi'),
(75, 10, 2, 'Contributing to park cleanliness and public space upkeep with Delta Delta Delta at Local Park'),
(77, 11, 2, 'Joining efforts for park beautification and landscape enhancement at the Local Park with Delta Delta Delta'),
(80, 12, 2, 'Creating a safe and enjoyable environment for park visitors with Delta Delta Delta at Local Park'),
(102, 13, 2, 'Participating in litter clean-up and waste reduction efforts at the Local Park with Kappa Kappa Gamma'),
(104, 14, 2, 'Promoting eco-friendly practices and sustainability initiatives at the Local Park with Kappa Kappa Gamma'),
(107, 15, 2, 'Educating the community about environmental conservation and wildlife protection at Local Park with Kappa Kappa Gamma'),
(111, 16, 2, 'Supporting park maintenance and recreational activities for families at the Local Park by Alpha Chi Omega'),
(113, 17, 2, 'Engaging in park restoration projects and green space enhancement with Alpha Chi Omega at Local Park'),
(116, 18, 2, 'Participating in community events and social initiatives at the Local Park with Alpha Chi Omega');



-- Philanthropies
INSERT INTO Philanthropies (eventID, philanthropyID, cause, amountRaised)
VALUES
(29, 1, 'Alpha Beta Gamma Charity Drive for Homeless Shelter', 1500.00),
(31, 2, 'Alpha Beta Gamma Fundraiser for Childrens Hospital', 2000.00),
(34, 3, 'Alpha Beta Gamma Food Drive for Local Food Bank', 1200.00),
(38, 4, 'Delta Sigma Phi Community Outreach for Animal Shelter', 1800.00),
(40, 5, 'Delta Sigma Phi Donation Campaign for Disaster Relief', 2500.00),
(43, 6, 'Delta Sigma Phi Educational Program for Underprivileged Youth', 1600.00),
(65, 7, 'Alpha Phi Environmental Conservation Initiative', 2100.00),
(67, 8, 'Alpha Phi Fundraiser for Womens Empowerment Programs', 1900.00),
(70, 9, 'Alpha Phi Healthcare Awareness Campaign', 2300.00),
(74, 10, 'Delta Delta Delta Mental Health Awareness Drive', 1700.00),
(76, 11, 'Delta Delta Delta Support for Community Education Programs', 2200.00),
(79, 12, 'Delta Delta Delta Youth Development Initiative', 1400.00),
(101, 13, 'Kappa Kappa Gamma Scholarship Fund for Students in Need', 2600.00),
(103, 14, 'Kappa Kappa Gamma Literacy Program for Local Schools', 1800.00),
(106, 15, 'Kappa Kappa Gamma Cultural Exchange Program', 2000.00),
(110, 16, 'Alpha Chi Omega Anti-Bullying Campaign', 1500.00),
(112, 17, 'Alpha Chi Omega Youth Mentorship Program', 1900.00),
(115, 18, 'Alpha Chi Omega Environmental Sustainability Initiative', 1700.00),
(342, 19, 'DDD Initiative', 100.00),
(343, 20, 'DDD Initiative', 1340.00),
(344, 21, 'DDD Initiative', 1.00),
(345, 22, 'DDD Initiative', 1654.00),
(346, 23, 'DDD Initiative', 2540.00),
(347, 24, 'DDD Initiative', 250.00);



-- Rituals
INSERT INTO Rituals (eventID, ritualID, ritualName, ritualDescription)
VALUES
(28, 1, 'Alpha Beta Gamma Ritual Ceremony', 'An important ceremony symbolizing unity and commitment within Alpha Beta Gamma fraternity.'),
(33, 2, 'Alpha Beta Gamma Ritual Ceremony', 'A solemn occasion marking significant milestones and traditions within Alpha Beta Gamma fraternity.'),
(36, 3, 'Alpha Beta Gamma Ritual Ceremony', 'A cherished ritual embodying the core values and principles of Alpha Beta Gamma fraternity.'),
(37, 4, 'Delta Sigma Phi Ritual Ceremony', 'A sacred ceremony reflecting the ideals and brotherhood of Delta Sigma Phi fraternity.'),
(42, 5, 'Delta Sigma Phi Ritual Ceremony', 'A meaningful tradition highlighting the brotherhood and values of Delta Sigma Phi fraternity.'),
(45, 6, 'Delta Sigma Phi Ritual Ceremony', 'An important ceremony symbolizing unity and commitment within Delta Sigma Phi fraternity.'),
(64, 7, 'Alpha Phi Ritual Ceremony', 'A revered ritual embodying the core values and sisterhood of Alpha Phi sorority.'),
(69, 8, 'Alpha Phi Ritual Ceremony', 'An important ceremony symbolizing unity and commitment within Alpha Phi sorority.'),
(72, 9, 'Alpha Phi Ritual Ceremony', 'A cherished ritual reflecting the ideals and sisterhood of Alpha Phi sorority.'),
(73, 10, 'Delta Delta Delta Ritual Ceremony', 'A sacred ceremony marking significant milestones and traditions within Delta Delta Delta sorority.'),
(78, 11, 'Delta Delta Delta Ritual Ceremony', 'A meaningful tradition highlighting the sisterhood and values of Delta Delta Delta sorority.'),
(81, 12, 'Delta Delta Delta Ritual Ceremony', 'An important ceremony symbolizing unity and commitment within Delta Delta Delta sorority.'),
(100, 13, 'Kappa Kappa Gamma Ritual Ceremony', 'A revered ritual embodying the core values and sisterhood of Kappa Kappa Gamma sorority.'),
(105, 14, 'Kappa Kappa Gamma Ritual Ceremony', 'An important ceremony symbolizing unity and commitment within Kappa Kappa Gamma sorority.'),
(108, 15, 'Kappa Kappa Gamma Ritual Ceremony', 'A cherished ritual reflecting the ideals and sisterhood of Kappa Kappa Gamma sorority.'),
(109, 16, 'Alpha Chi Omega Ritual Ceremony', 'A sacred ceremony marking significant milestones and traditions within Alpha Chi Omega sorority.'),
(114, 17, 'Alpha Chi Omega Ritual Ceremony', 'A meaningful tradition highlighting the sisterhood and values of Alpha Chi Omega sorority.'),
(117, 18, 'Alpha Chi Omega Ritual Ceremony', 'An important ceremony symbolizing unity and commitment within Alpha Chi Omega sorority.'),
(339, 19, 'DDD Ritual Ceremony 1', 'An important ceremony symbolizing unity and commitment within Delta Delta Delta.'),
(340, 20, 'DDD Ritual Ceremony 2', 'An important ceremony symbolizing unity and commitment within Delta Delta Delta.'),
(341, 21, 'DDD Ritual Ceremony 3', 'An important ceremony symbolizing unity and commitment within Delta Delta Delta.');



-- Meetings
INSERT INTO Meetings (meetingID, eventID, agenda, duration) VALUES
(1, 349, 'Discuss upcoming tournaments and team strategies.', '2 hours'),
(2, 350, 'Review last game performance and plan for next practice.', '2 hours'),
(3, 351, 'Plan upcoming matches and practice schedules.', '2 hours'),
(4, 352, 'Discuss team training and review individual player progress.', '2 hours'),
(5, 353, 'Review game strategies and plan for upcoming matches.', '2 hours'),
(6, 354, 'Discuss fundraising events and community outreach activities.', '2 hours'),
(7, 355, 'Plan fraternity events and discuss member responsibilities.', '2 hours'),
(8, 356, 'Discuss fraternity goals and upcoming social events.', '2 hours'),
(9, 357, 'Plan fraternity social events and community service activities.', '2 hours'),
(10, 358, 'Discuss fraternity initiatives and member involvement.', '2 hours'),
(11, 359, 'Plan upcoming tournaments and practice sessions.', '2 hours'),
(12, 360, 'Discuss team strategies and upcoming game preparations.', '2 hours'),
(13, 361, 'Plan upcoming matches and discuss team strategies.', '2 hours'),
(14, 362, 'Review game performances and plan for upcoming matches.', '2 hours'),
(15, 363, 'Discuss sorority events and member involvement.', '2 hours'),
(16, 364, 'Plan sorority social events and community outreach programs.', '2 hours'),
(17, 365, 'Discuss sorority goals and upcoming initiatives.', '2 hours'),
(18, 366, 'Plan sorority philanthropic events and member responsibilities.', '2 hours'),
(19, 367, 'Discuss upcoming tournaments and practice schedules.', '2 hours'),
(20, 368, 'Review team performance and plan for upcoming matches.', '2 hours'),
(21, 369, 'Plan team practice sessions and discuss game strategies.', '2 hours'),
(22, 370, 'Discuss team goals and upcoming tournaments.', '2 hours'),
(23, 371, 'Plan sorority social events and member engagement activities.', '2 hours'),
(24, 372, 'Discuss sorority initiatives and upcoming events.', '2 hours'),
(25, 373, 'Plan sorority philanthropic events and community service projects.', '2 hours'),
(26, 374, 'Discuss sorority goals and member responsibilities.', '2 hours'),
(27, 375, 'Review game performance and plan for upcoming matches.', '2 hours'),
(28, 376, 'Discuss team strategies and upcoming tournaments.', '2 hours'),
(29, 377, 'Plan club events and discuss member participation.', '2 hours'),
(30, 378, 'Discuss club initiatives and upcoming activities.', '2 hours'),
(31, 379, 'Review academic progress and plan for upcoming events.', '2 hours'),
(32, 380, 'Discuss club projects and member contributions.', '2 hours'),
(33, 381, 'Review academic achievements and plan for upcoming events.', '2 hours'),
(34, 382, 'Discuss academic goals and upcoming club activities.', '2 hours'),
(35, 383, 'Review team performance and plan for upcoming matches.', '2 hours'),
(36, 384, 'Discuss team strategies and upcoming tournaments.', '2 hours'),
(37, 385, 'Plan club events and discuss member participation.', '2 hours'),
(38, 386, 'Discuss club initiatives and upcoming activities.', '2 hours'),
(39, 387, 'Review academic progress and plan for upcoming events.', '2 hours'),
(40, 388, 'Discuss club projects and member contributions.', '2 hours'),
(41, 389, 'Review academic achievements and plan for upcoming events.', '2 hours'),
(42, 390, 'Discuss academic goals and upcoming club activities.', '2 hours'),
(43, 391, 'Review club projects and plan for upcoming events.', '2 hours'),
(44, 392, 'Discuss club initiatives and member contributions.', '2 hours'),
(45, 393, 'Review literary works and plan for upcoming club activities.', '2 hours'),
(46, 394, 'Discuss literary analyses and upcoming club events.', '2 hours'),
(47, 395, 'Review math concepts and plan for upcoming club projects.', '2 hours'),
(48, 396, 'Discuss math problems and upcoming club activities.', '2 hours'),
(49, 397, 'Review physics theories and plan for upcoming experiments.', '2 hours'),
(50, 398, 'Discuss physics concepts and upcoming club projects.', '2 hours'),
(51, 399, 'Review chemistry experiments and plan for upcoming projects.', '2 hours'),
(52, 400, 'Discuss chemistry concepts and upcoming club activities.', '2 hours'),
(53, 401, 'Review biology experiments and plan for upcoming projects.', '2 hours'),
(54, 402, 'Discuss biology concepts and upcoming club activities.', '2 hours'),
(55, 403, 'Review environmental science topics and plan for upcoming projects.', '2 hours'),
(56, 404, 'Discuss environmental issues and upcoming club activities.', '2 hours'),
(57, 405, 'Review business strategies and plan for upcoming events.', '2 hours'),
(58, 406, 'Discuss business projects and member contributions.', '2 hours'),
(59, 407, 'Review marketing concepts and plan for upcoming activities.', '2 hours'),
(60, 408, 'Discuss marketing strategies and upcoming club events.', '2 hours'),
(61, 409, 'Review finance topics and plan for upcoming club projects.', '2 hours'),
(62, 410, 'Discuss finance concepts and upcoming club activities.', '2 hours'),
(63, 411, 'Review art projects and plan for upcoming exhibitions.', '2 hours'),
(64, 412, 'Discuss art techniques and upcoming club activities.', '2 hours'),
(65, 413, 'Review music compositions and plan for upcoming performances.', '2 hours'),
(66, 414, 'Discuss music theory and upcoming club events.', '2 hours'),
(67, 415, 'Review drama scripts and plan for upcoming performances.', '2 hours'),
(68, 416, 'Discuss acting techniques and upcoming club activities.', '2 hours'),
(69, 417, 'Review dance routines and plan for upcoming performances.', '2 hours'),
(70, 418, 'Discuss dance techniques and upcoming club events.', '2 hours'),
(71, 419, 'Review debate topics and plan for upcoming tournaments.', '2 hours'),
(72, 420, 'Discuss debate strategies and upcoming club activities.', '2 hours'),
(73, 421, 'Review chess strategies and plan for upcoming tournaments.', '2 hours'),
(74, 422, 'Discuss chess techniques and upcoming club events.', '2 hours'),
(75, 423, 'Review language lessons and plan for upcoming club activities.', '2 hours'),
(76, 424, 'Discuss language learning strategies and upcoming club events.', '2 hours'),
(77, 348, 'Roller Hockey Meeting.', '2 hours');
